createTime|dependencyTime|personId|personName|isBlocked
1669723269798|0|30786325578686|Cannon|false
1669730634096|0|30786325579315|Racanel|false
1669848728536|0|30786325578700|Orjinta|false
1669862897991|0|30786325578345|De Clercq|false
1669879017501|0|30786325577996|Krieps|false
1669940400664|0|30786325578501|Terzi|false
1669968852313|0|30786325579195|Greppi|false
1670025852006|0|30786325578447|Olmedo|false
1670041318423|0|30786325579478|Luongo|false
1670128533107|0|30786325579432|Goncalves|false
1670161835808|0|30786325578806|Horiuchi|false
1670308469682|0|30786325578724|Mackrell|false
1670317094611|0|30786325578280|Milea|false
1670352487625|0|30786325578653|Ekinci|false
1670393628224|0|30786325578005|Bleasdale|false
1670474217024|0|30786325578634|Posin|false
1670497517064|0|30786325579533|Lichman|false
1670553897733|0|30786325579639|Furia|false
1670594167342|0|30786325578303|Agabayew|false
1670723750398|0|30786325578096|Slewinski|false
1670747910372|0|30786325579612|Ziherman|false
1670799298929|0|30786325578436|Popplewell|false
1670802532412|0|30786325579683|Sy|false
1670809605606|0|30786325579434|Forster|false
1670970830150|0|30786325578903|Hendriks|false
1671124506283|0|30786325578328|Gemayel|false
1671128198565|0|30786325579141|Barrera|false
1671239752247|0|30786325579200|Pounder|false
1671461141325|0|30786325579104|Mackay|false
1671485528330|0|30786325578007|Rerrich|false
1671586432079|0|30786325578305|Machallem|false
1671596856720|0|30786325578380|Madejski|false
1671626728489|0|30786325578738|Heilbron|false
1671771279793|0|30786325577806|Ha|false
1671840548198|0|30786325579229|Schlesinger|false
1671913800808|0|30786325579463|Filicia|false
1671919247813|0|30786325579656|LÃ³pez Carril|false
1671943598262|0|30786325579098|Ahimana|false
1672183830125|0|30786325579307|Hajiyev|false
1672186808656|0|30786325579254|Whitehead|false
1672265377847|0|30786325579566|Verano De La Rosa|false
1672381512216|0|30786325578185|Lederer|false
1672414614853|0|30786325578691|Allan|false
