createTime|dependencyTime|investorId|companyId|ratio
1669694056644|1661560614552|21990232555566|13194139533567|0.4294811750820677
1669717864809|1665818109196|21990232557492|14293651161883|0.14616983551160442
1669718524577|1667580695544|24189255811305|14293651161467|0.15849780173511924
1669727571506|1668540342601|10995116278692|14293651161744|0.16162633885820915
1669731670685|1669650572451|17592186045588|15393162789760|0.19261890712525778
1669734449614|1668541581222|17592186045586|14293651161649|0.14909939991311225
1669737664913|1669730634096|30786325579315|680|0.08283702887276477
1669749322415|1669103403242|24189255812163|14293651161232|0.22514694290070694
1669753007807|1669704115833|24189255812466|15393162789416|0.2508916157303661
1669757258565|1668121373753|17592186046121|14293651161892|0.14623813707874
1669759730857|1668682029836|28587302322800|7696581395140|0.23673880386307408
1669765317527|1668265168561|26388279066958|14293651161171|0.06148172389234238
1669770425178|1668961552368|2199023257238|14293651161291|0.02838203368968918
1669772642324|1648451266294|21990232555831|7696581395107|0.2168779394216571
1669781376234|1660153435074|26388279067287|13194139534228|0.016544836494994823
1669781750629|1668858816263|26388279067902|14293651161950|0.054112816040330566
1669786108321|1668613742025|28587302323701|807|0.21201690484596042
1669789174251|1665261324184|13194139535090|14293651161423|0.013383337137353487
1669793990319|1624510900998|15393162790423|5497558139031|0.16638723163887562
1669798594721|1664400488992|28587302323659|344|0.03331257988231763
1669798960128|1637456473000|4398046512051|9895604650341|0.08534017581191307
1669807531224|1657121362588|26388279066709|1099511627828|0.3056326804016471
1669809846041|1668040975822|24189255812830|14293651162055|0.05944077264479023
1669810211098|1633547595834|13194139533843|8796093022759|0.3859417815720812
1669814150964|1663620621092|13194139534268|14293651161722|0.25461395318455016
1669816864671|1665551897347|26388279067072|14293651161289|0.7651641312714683
1669821075373|1666048579371|24189255812065|14293651161675|0.35532172295565595
1669824799076|1664113201337|28587302322685|10995116278168|0.13677224455530904
1669828556603|1603331409525|6597069767513|3298534883537|0.13213589652125887
1669831629587|1657877297595|26388279068465|5497558139567|0.038891665581735256
1669832840654|1650505647126|24189255812517|10995116278582|0.04057090112663144
1669844166803|1615078697786|10995116279226|2199023256529|0.17555037197327059
1669844197678|1656957667254|19791209301939|13194139534124|0.13523235794201993
1669844971487|1655609509672|24189255812629|9895604650881|0.25381202721598983
1669849144917|1667337935880|28587302323303|10995116278697|0.239079141754882
1669851251885|1661221524663|19791209300634|13194139533448|0.013245787620388277
1669852629820|1653017895907|6597069768388|12094627906174|0.1968052277039557
1669853774002|1669819274403|10995116278719|15393162788918|0.27578378037442797
1669858949714|1658319166532|26388279067960|7696581395378|0.13035047589197263
1669862226478|1646804553495|17592186046275|10995116278390|0.1429693747393354
1669869397099|1664813483526|8796093024082|14293651161270|0.31983022349471246
1669869553518|1665347279275|28587302323492|2199023255711|0.0832983236825413
1669871492020|1645962535866|21990232556506|901|0.20256148789456183
1669872368714|1639613788550|19791209301772|7696581395365|0.0010832818263790296
1669872701792|1632417137081|15393162789262|8796093022700|0.3102865349867017
1669873672694|1611297327885|1675|5497558139002|0.19622851861743273
1669876086972|1660983370725|26388279068380|2199023255711|0.0500780885499311
1669876217298|1665818109196|19791209300686|14293651161883|0.08428474207754065
1669878675320|1610358174451|8796093023003|1099511627789|0.04824679964856554
1669879036488|1633942834014|13194139533426|8796093023206|0.17060359202131573
1669879395038|1653595223476|24189255812371|5497558139345|0.3013804749118761
1669881097350|1666313525532|28587302323495|1099511628468|0.39923203105723715
1669890939918|1667183143088|28587302322665|6597069767509|0.09653046464591668
1669892181965|1669505040102|17592186044852|15393162789401|0.26740566382049025
1669892467842|1661513144582|26388279068010|7696581395378|0.1340583600833807
1669894296234|1597894635371|6597069768244|1099511627838|0.18743215216160336
1669897451926|1665971176662|21990232556587|14293651161358|0.3476978852802905
1669898411651|1665719967142|28587302322459|6597069767500|0.19177665219951814
1669898858218|1666183711257|28587302323336|12094627906219|0.3432323785576646
1669899181919|1644038521268|4398046511816|10995116278200|0.08605387134885754
1669914303931|1637637653154|19791209301528|6597069766755|0.03777873119743764
1669925226949|1635195961852|17592186046157|2199023255980|0.2705314843538126
1669926308315|1665538063989|26388279068202|14293651161794|0.30135016621500366
1669926387642|1667770216402|28587302322196|534|0.2684862661222915
1669934125503|1667094262133|17592186046179|14293651161911|0.23446525576439844
1669946771354|1656132380946|24189255811232|6597069766898|0.02174879101622747
1669952951710|1669190478577|28587302324098|13194139533368|0.05092455066816823
1669956414471|1654072554229|41|12094627906336|0.17473213253151856
1669959016643|1660983370725|26388279068380|2199023255835|0.3754827621568574
1669959091101|1620777749974|4398046511316|6597069766947|0.1292067675067683
1669960576504|1650004356371|24189255811695|8796093022615|0.2613130155800805
1669973869837|1658480704225|26388279068583|3298534884206|0.11189623424400273
1669981248032|1665725007078|28587302323605|2199023256326|0.14728456885110477
1669987130290|1669650572451|28587302323782|15393162789760|0.09515249407035745
1670001666922|1665767369001|28587302323874|4398046511910|0.042533939648402755
1670002656768|1665971176662|10995116278582|14293651161358|0.21034792875611769
1670006836516|1657597240384|26388279067072|6597069767342|0.4124718389024647
1670011801179|1663452351559|17592186045396|14293651162076|0.14888010689258946
1670013172043|1661472701724|21990232556803|13194139533312|0.10634332351417397
1670016376919|1669078596578|28587302322489|3298534883629|0.043531181871658754
1670019235066|1620051650853|13194139534129|678|0.0649743424391267
1670020738377|1668730744128|24189255811885|14293651161172|0.2863359000086778
1670021762395|1654740926747|24189255811256|12094627905787|0.03803764400898343
1670023371698|1647250394111|21990232556594|10995116278137|0.44125851175531355
1670024078897|1661604523118|19791209301533|13194139534006|0.09297530783821031
1670025067620|1666484607274|28587302323350|12094627905713|0.08260793893387056
1670033290026|1664302324423|24189255811609|14293651161907|0.047444812730726746
1670037692892|1655609509672|24189255812629|9895604650141|0.22268413409300924
1670037864963|1666048579371|2199023256655|14293651161675|0.1411069398076108
1670044306297|1667994084917|6597069766739|14293651161294|0.0922470121382659
1670050631931|1654072739555|24189255811812|8796093022964|0.015421810690187911
1670054939553|1663345557476|15393162788890|14293651162020|0.03297716164443562
1670056255626|1664469579545|28587302323920|4398046512027|0.07291766983107635
1670059234019|1657473447176|1836|13194139533815|0.2963983299790558
1670062665245|1632277071893|17592186046096|3298534883990|0.1945122300522153
1670063911313|1665371734167|28587302323192|6597069766902|0.14610564090532
1670068933288|1668961552368|17592186044418|14293651161291|0.022316878099796142
1670071508218|1644166008294|21990232557164|1099511628683|0.3670950771621305
1670076480679|1650933219770|13194139533522|12094627905903|0.1327949928435761
1670080504763|1624961843856|4398046511865|7696581395059|0.6280699003115812
1670084509421|1667384912977|21990232556590|14293651161797|0.1574850277425502
1670089641360|1668541581222|10995116278510|14293651161649|0.15058767572785667
1670102212626|1642868421180|17592186044438|9895604650915|0.18366804018391114
1670111440627|1664522969375|28587302322247|4398046511480|0.05995396564242968
1670116151507|1669295007606|28587302323339|2199023256288|0.0703129557055
1670134744733|1669505040102|21990232556205|15393162789401|0.2881740732435666
1670140312528|1639130461413|8796093022700|9895604650905|0.08571952304337943
1670164558790|1616336138927|10995116279091|680|0.046784070339418726
1670166032180|1670128533107|30786325579432|2199023255711|0.0900044881909146
1670192928241|1661558977320|26388279066767|4398046512073|0.09935605792069373
1670198401947|1667437676181|28587302323464|8796093022926|0.23605880016438258
1670198403088|1662965664001|1026|14293651161573|0.2123016098199175
1670198434620|1654215898110|24189255812380|1099511628050|0.139466713276814
1670198885973|1664654066855|28587302323607|6597069767212|0.17804095679937393
1670200846292|1668743812712|24189255812452|14293651161356|0.07751808614996662
1670205495969|1615800633829|8796093023153|5497558138929|0.06792485271197235
1670212943176|1668961552368|4398046512471|14293651161291|0.19611547626150125
1670218230508|1654869068910|24189255811170|870|0.1684264630655853
1670219536651|1662239533114|26388279067843|3298534884105|0.07160899736165935
1670224911754|1656460909109|26388279068523|8796093022825|0.11879243115833929
1670226252058|1669447595744|15393162788995|15393162789409|0.03648091859385584
1670231790135|1661884373451|26388279067160|5497558139123|0.11378193569771874
1670232396412|1665296787885|6597069766852|14293651161549|0.1871855684373333
1670236451716|1642140125844|19791209301517|9895604650934|0.3039486172567876
1670238334438|1667237569673|26388279066733|14293651161538|0.24099555314399693
1670247869179|1669063546400|10995116278755|14293651161204|0.2173815414340427
1670248454358|1669897762857|19791209301593|15393162789294|0.14067594795696298
1670253643462|1660078416789|26388279067524|2199023255835|0.1166966497255555
1670253840878|1667114317719|28587302322592|4398046511711|0.01867152997032421
1670253938864|1663894579797|28587302323626|5497558139374|0.1296413755285519
1670258256632|1634263755630|17592186045396|2199023256326|0.12808654000731998
1670266422153|1653732391020|24189255811961|10995116278317|0.22615901042986689
1670270830927|1623989794576|4398046511409|7696581395290|0.31251823781819765
1670281043499|1648525628760|10995116278621|10995116278303|0.15639320861047828
1670282154351|1669614876309|30786325578421|7696581394436|0.3117238353034331
1670285518379|1665551897347|19791209301956|14293651161289|0.17190783642045904
1670286105622|1669730634096|30786325579315|2199023256265|0.20016747894100773
1670292513494|1653710995639|13194139533486|12094627906271|0.3386914937692236
1670301044237|1661181029848|26388279068448|6597069767437|0.13893040773709192
1670301400689|1670025852006|30786325578447|12094627906431|0.0651421499449363
1670302134693|1621757027707|13194139534789|6597069767342|0.2848465226105378
1670309368897|1669447595744|26388279067725|15393162789409|0.17765843900876252
1670311189108|1664654066855|28587302323607|12094627905787|0.13480127468962408
1670322223321|1665034197293|28587302323362|2199023255941|0.18422573097413844
1670324288625|1655169935337|8796093024192|12094627906157|0.04228428986379597
1670334372849|1669326672557|30786325578262|9895604650629|0.16565452843537687
1670334943906|1649746889327|24189255811826|8796093022284|0.1614788612071353
1670336540264|1646791161832|8796093022546|10995116278026|0.31246636717260123
1670336935930|1649224677428|307|10995116278614|0.19542537053217984
1670349070384|1607599362559|8796093022409|3298534884142|0.1330720632680165
1670357168309|1668040975822|19791209301088|14293651162055|0.06806028001798313
1670364737371|1651634466912|24189255812878|3298534883728|0.18166655664270825
1670366709561|1624510900998|15393162790423|538|0.24248100550133717
1670366782058|1667451096392|28587302322819|642|0.5676180975019601
1670367294395|1666352938735|28587302323786|12094627906283|0.02575589559980029
1670367927924|1637842628465|19791209301170|2199023255649|0.027734705771149427
1670368146570|1663602690593|28587302323272|10995116277768|0.23764087010650742
1670370199377|1668515634790|28587302322691|10995116278705|0.07628660484032106
1670382390250|1643599372245|10995116278999|10995116277939|0.13028732827377965
1670384091585|1616660270039|8796093023460|5497558139067|0.009948953901712155
1670389167145|1668858816263|17592186046179|14293651161950|0.1282837555871061
1670390516000|1650409655461|24189255811543|7696581394694|0.054880030262567624
1670393684330|1669676520864|30786325579555|13194139534224|0.07888214957628775
1670395309086|1653079057224|4398046513031|12094627905538|0.27662227455592603
1670408840537|1659191723272|10995116279755|13194139534298|0.18483768239779635
1670410764198|1643837970707|2199023256655|10995116277790|0.23813853740899818
1670417330810|1625680883187|15393162790436|3298534883728|0.1034790231134754
1670421502933|1664667689396|4398046512131|14293651161805|0.2570181876928717
1670424024408|1668858816263|28587302323579|14293651161950|0.09575527681981993
1670424397474|1670345954213|4398046512238|15393162789473|0.17847052803788793
1670426339961|1658248132990|10995116278362|13194139533965|0.26150871814587434
1670434574679|1669098925989|28587302323875|5497558138885|0.09089778520481684
1670435713668|1668541581222|13194139534193|14293651161649|0.06155035852186284
1670437913039|1668653194816|28587302322245|10995116278242|0.07008321716121299
1670443478404|1648760913842|21990232556193|10995116278573|0.2058630598359842
1670446165401|1659365351449|26388279068420|7696581395237|0.2937081330063214
1670461341568|1667251287882|4398046511588|14293651161876|0.2009061541456813
1670462572305|1667073387700|28587302323950|43|0.06774561476046173
1670464165385|1669098925989|28587302323875|13194139533439|0.16287095733713006
1670473701717|1659035135577|26388279066796|2199023255944|0.0017446996705432758
1670474763989|1641110986796|13194139534625|9895604650547|0.08307631850545129
1670481384431|1668682029836|28587302322800|12094627905553|0.02460165916407091
1670492354852|1621111988244|13194139533348|5497558138885|0.2280886510857419
1670499081104|1651452655735|24189255811683|6597069767650|0.17631822300885405
1670502522041|1669730634096|30786325579315|5497558139096|0.15634852068585983
1670504952805|1658886025439|26388279066852|615|0.020281261348887396
1670505805303|1639061239584|19791209301037|4398046511157|0.11071817190812369
1670507249016|1667697104222|28587302322992|257|0.07671601811841616
1670510163554|1657203860127|26388279067078|3298534883391|0.10531145771427915
1670510486626|1617749554125|13194139534222|680|0.10944661759363125
1670511812192|1649149786215|21990232555744|100|0.3691251856892179
1670515504945|1667994084917|28587302322571|14293651161294|0.12272052766164654
1670517182610|1668478078109|28587302322863|4398046512096|0.053415069408460976
1670518270326|1667697104222|28587302322992|336|0.05905775588706497
1670522194193|1643599372245|15393162790553|10995116277939|0.07891865352920287
1670531872735|1582848377984|1364|764|0.06289037223174083
1670532023291|1665817668451|28587302322536|4398046511194|0.17625335445051776
1670533308794|1662170689610|19791209300537|13194139534221|0.02041372283751012
1670538713940|1667917670267|28587302324146|2199023255912|0.2590238939027805
1670539652699|1667509384612|17592186046049|14293651161904|0.026067928756760214
1670539884521|1646519040289|21990232555772|9895604650934|0.2845952096366558
1670541566171|1665347279275|28587302323492|7696581395352|0.10764221915720744
1670542971459|1667651286215|28587302323827|13194139534311|0.11557953895898257
1670543942528|1635099521551|2199023256301|8796093022320|0.3682419411658875
1670544138474|1658046168001|26388279067697|667|0.13617459759002218
1670547252774|1645756077872|8796093022346|10995116278168|0.10173894050151362
1670557965314|1668265168561|2199023256494|14293651161171|0.024230383289282703
1670559588543|1669897762857|21990232555534|15393162789294|0.03217380578707175
1670567909339|1651933301416|10995116277978|12094627905974|0.10546297282255411
1670569216200|1652255303766|24189255811101|8796093022964|0.05073937424249945
1670581876530|1665630619312|28587302322770|2199023255630|0.28287085893669683
1670581945444|1660812799471|15393162790507|13194139533770|0.4173891127041803
1670582404492|1670308469682|30786325578724|14293651161866|0.18487075019396357
1670585798260|1670566648164|8796093022940|15393162788912|0.18607806821309383
1670591202396|1582767650728|499|719|0.26487734802853
1670591789981|1659214475740|26388279067822|3298534883722|0.3340962506647159
1670592446965|1665263418363|2199023256445|14293651161116|0.17640644821234183
1670593185708|1653249747392|24189255811368|1099511627905|0.007402398066933399
1670596048156|1670393628224|30786325578005|13194139534138|0.3482030426565817
1670605890067|1665296787885|8796093023657|14293651161549|0.02880475557088697
1670609084972|1613655480253|2199023257510|5497558139640|0.3782610085249786
1670611443397|1654072739555|24189255811812|9895604650315|0.12740296029579193
1670619024643|1665747959038|28587302323090|13194139533905|0.1178456026254996
1670621566160|1658502842548|26388279067144|533|0.30709925193180276
1670625102824|1669704115833|6597069766903|15393162789416|0.0709918929720824
1670625351097|1661884373451|26388279067160|4398046511142|0.5032396534333575
1670628810184|1670589807020|17592186044853|15393162789458|0.125153694440015
1670634081398|1629178647248|15393162789706|6597069766845|0.12271552930788604
1670636769287|1670291151425|10995116278947|15393162789812|0.11108240659517739
1670638436101|1638445001263|13194139534331|9895604650059|0.2598860446010033
1670639023434|1668800114601|28587302323427|10995116278168|0.08070806250930983
1670643470159|1634057803536|15393162789722|8796093023041|0.060678167921914425
1670650096845|1668842585572|28587302322328|13194139534006|0.16691869996413694
1670650950893|1669536274477|30786325578657|1099511628614|0.20846756801563068
1670654378286|1655281239629|24189255812234|12094627905750|0.01565538146422677
1670665250011|1667014217221|24189255811950|14293651161819|0.06719294432174229
1670665982639|1668858816263|10995116278005|14293651161950|0.14923126796262334
1670666049817|1653164557144|24189255811737|3298534883393|0.21321953876320987
1670684101724|1661604523118|26388279068334|13194139534006|0.037843507494589874
1670684960808|1666711952284|10995116279536|14293651161539|0.18174382219529958
1670691681572|1668961552368|630|14293651161291|0.023205504183908023
1670692966881|1646804553495|17592186046413|10995116278390|0.10125094418046147
1670696325835|1657794975452|15393162790360|13194139533827|0.3045772793019238
1670698431943|1624925250399|15393162790272|5497558139769|0.14319447138331085
1670700011136|1640302349253|19791209301765|7696581395075|0.2819405285975155
1670705095361|1598132075837|6597069766721|2199023255862|0.20197192970907193
1670705501892|1645521558480|21990232556563|2199023255687|0.04507318806771961
1670709716657|1634263755630|17592186045396|1099511628274|0.10416746290795462
1670710847398|1634285608734|6597069767855|8796093022228|0.15052111032166457
1670716593206|1648858672179|21990232557173|3298534883835|0.026482591311224206
1670722734010|1667143230792|24189255811256|14293651161315|0.3324450594445529
1670724898114|1668121373753|10995116279238|14293651161892|0.028340958136374213
1670728206554|1670594167342|30786325578303|595|0.07961973829590978
1670729804816|1670566648164|8796093023330|15393162788912|0.21996551414714194
1670731607097|1623219161280|13194139534143|4398046511194|0.05102627614440746
1670736167176|1651896302925|24189255811885|10995116278647|0.11918545024149851
1670737365626|1669005995431|26388279067065|14293651161552|0.5089453516643967
1670737365965|1669272190263|6597069767719|14293651161810|0.007200407732597839
1670737867702|1658648023803|24189255812151|13194139534270|0.18268455841700804
1670738600192|1652255303766|24189255811101|5497558139120|0.12392104198109453
1670739162272|1623719570685|15393162790541|4398046511249|0.1755606323713981
1670748983276|1665007103216|8796093023657|14293651162062|0.5196236984076624
1670749011188|1658585146948|26388279067741|10995116278523|0.09087323171623367
1670756190291|1624934000812|668|7696581394775|0.21173368430385392
1670757221817|1649100029565|21990232557073|2199023256399|0.07772040122979568
1670758021643|1670161835808|30786325578806|2199023256267|0.162551754203889
1670764421361|1665037801846|2199023257238|14293651162051|0.391717922893588
1670767870537|1670291151425|19791209300428|15393162789812|0.4624988462302824
1670772495527|1664901840235|28587302323761|1099511627828|0.0817080592293631
1670772889849|1646791161832|17592186045793|10995116278026|0.20186548878442448
1670773760147|1669063546400|28587302323786|14293651161204|0.07429530859347566
1670776442124|1661298034494|2199023256553|13194139533856|0.07978219937732661
1670776790910|1662483882168|26388279067462|13194139533450|0.41780507157188906
1670777134237|1670510447377|729|15393162789077|0.16411840200658914
1670782677912|1666080934712|28587302324102|2199023256506|0.033414350713824176
1670791942363|1619709079661|4398046511518|6597069767621|0.09312452624695282
1670796001426|1669650572451|6597069767506|15393162789760|0.01903390886075335
1670799091830|1664504323591|19791209300745|14293651161368|0.1901051726332956
1670817407410|1670291151425|26388279067287|15393162789812|0.2274396581100711
1670817447523|1670802532412|30786325579683|3298534884216|0.1616621103088494
1670819658713|1661938461695|15393162789436|13194139533439|0.10964393118806633
1670820349526|1668269672882|28587302323914|863|0.12420698957050644
1670820551848|1661298034494|21990232556760|13194139533856|0.1710224949223026
1670832939980|1661241218900|26388279068023|5497558139550|0.15412685436767046
1670840066093|1670589807020|13194139534405|15393162789458|0.23791764632161475
1670840201249|1668806235853|310|14293651161680|0.07482603102492914
1670845910577|1656938596373|21990232555555|13194139533981|0.187703653008249
1670847524093|1651996707451|24189255812690|12094627905864|0.5105997343260081
1670850525248|1669848728536|30786325578700|2199023256254|0.17984160214805672
1670853648803|1661285785233|2199023255662|13194139534254|0.17644403617267201
1670862081509|1659595628778|26388279068307|10995116278606|0.1949982168602952
1670870388505|1667143230792|6597069768037|14293651161315|0.21017062596121433
1670875157295|1625472668866|15393162790644|934|0.2163938150607305
1670883906403|1641116410966|17592186045237|9895604650339|0.21801096730877506
1670884779210|1661453033191|13194139533515|13194139533459|0.20299767472661626
1670888680249|1667594473655|10995116278153|14293651161879|0.17417810231556122
1670892868988|1663602690593|28587302323272|6597069766723|0.19850183606087235
1670893744538|1668759449691|8796093023587|14293651162015|0.1632620234954787
1670897157873|1669447595744|2199023257510|15393162789409|0.08722384251454098
1670901182021|1670345954213|10995116278547|15393162789473|0.2350700247783148
1670905769580|1661558977320|26388279066767|13194139533384|0.022413496938767912
1670908770153|1651452655735|24189255811683|393|0.15144147474606545
1670911999796|1639657172450|15393162789262|9895604650231|0.19215605154673096
1670922543821|1655292550001|13194139533348|12094627905834|0.11683818351129759
1670925916763|1646302061952|21990232557511|10995116278518|0.080399368099074
1670937242933|1668483790823|28587302322689|9895604650420|0.2720840008490475
1670938818842|1667114317719|28587302322592|5497558139103|0.0419100961143521
1670939467822|1640131925823|19791209300513|901|0.053345770553461076
1670939748448|1636828021592|19791209301936|5497558139732|0.07610349215844744
1670941602504|1654565945521|24189255812361|5497558139629|0.1654320951525693
1670945208408|1669897762857|24189255811812|15393162789294|0.11763250863732415
1670946653965|1669650572451|2199023256445|15393162789760|0.1302430945619607
1670950408390|1668483790823|28587302322689|3298534883474|0.23601990502083203
1670950760989|1668540342601|743|14293651161744|0.06361555900229228
1670951983755|1645861981765|21990232557363|10995116278185|0.016277259343949923
1670959035574|1669005995431|26388279067416|14293651161552|0.48607499976559765
1670967694428|1665751293666|15393162790582|14293651161961|0.04578195848043734
1670968349446|1668858816263|2199023255746|14293651161950|0.09041319417304855
1670970735970|1668269672882|28587302323914|13194139534228|0.0033293847262286123
1670971745863|1667014217221|19791209300660|14293651161819|0.15402464331784152
1670971795128|1661131422216|19791209301068|13194139533895|0.1303440533964401
1670972471901|1667920375154|28587302324059|790|0.06972838187234907
1670976542566|1659726216780|24189255812969|13194139534189|0.12972761252737466
1670976707407|1670510447377|21990232556503|15393162789077|0.13852898147928408
1670978943345|1661131422216|15393162790582|13194139533895|0.10409224877764113
1670979394008|1665747959038|28587302323090|9895604650015|0.12111699471682541
1670982194001|1670292908141|28587302322297|15393162789410|0.14129775378204268
1670993042876|1665818109196|24189255812151|14293651161883|0.10654987648188861
1670994597172|1670128533107|30786325579432|14293651161154|0.013193506014020156
1670998700953|1594675478697|4398046512075|1099511627838|0.1347369443480821
1671000506007|1665787523990|24189255811961|14293651161864|0.13291030278125382
1671000529376|1638847936414|6597069767516|9895604650639|0.09622195658983344
1671001606837|1644382453857|4398046512170|10995116278646|0.06982427463344562
1671006327378|1649511095956|2199023257093|10995116278494|0.26910516529129425
1671013094149|1639006535126|19791209300337|4398046511480|0.05516363435310324
1671014812636|1630440838844|8796093022346|8796093022757|0.03381933427874385
1671014995338|1669063546400|4398046512925|14293651161204|0.15102809727136982
1671028554005|1662027517637|26388279067729|1099511628377|0.10945641043171322
1671033920287|1664302324423|21990232556316|14293651161907|0.18536392468733262
1671034988109|1669242340082|28587302322347|8796093022313|0.32611973213206924
1671039721050|1634051770320|1614|8796093022577|0.3458905605157109
1671041443140|1670970830150|30786325578903|9895604650905|0.05978118223637213
1671043041742|1668672243057|21990232556193|14293651161866|0.14413520350236877
1671043148032|1665725728362|21990232556159|14293651161421|0.03249566590208099
1671043657086|1654916078365|21990232557164|12094627905646|0.04439759402572687
1671048139359|1664522969375|28587302322247|12094627906516|0.15197166691319136
1671048140117|1669168669801|17592186045808|14293651161646|0.3388203608414452
1671049526793|1668953289950|1939|14293651161847|0.029108415801703983
1671052801007|1661624151768|8796093023402|13194139534311|0.17287495962924443
1671060543424|1646252532059|21990232555932|10995116278137|0.3418356944708174
1671061075332|1670589807020|10995116278346|15393162789458|0.209135341269892
1671062064796|1653998097434|21990232556286|12094627906283|0.13381141930787563
1671062139188|1667752197042|28587302322457|9895604650459|0.029314905274243342
1671062979309|1617954067460|13194139534873|5497558139002|0.24138446293867094
1671063198311|1667583697746|19791209300945|14293651161154|0.10383444743694975
1671063591040|1668540342601|13194139534054|14293651161744|0.2883620860243168
1671067562650|1630465763979|2199023255560|8796093023088|0.22680800756284647
1671067780820|1646719124563|21990232556427|8796093022642|0.21886392701618634
1671074593788|1653079057224|4398046512985|12094627905538|0.3138655028546422
1671077415720|1642968964615|2199023256923|9895604650737|0.182704507774563
1671079590441|1636938441691|19791209300432|9895604650141|0.08724993152354325
1671079853914|1663602690593|28587302323272|12094627906436|0.19011874206048798
1671087906478|1665725728362|21990232555932|14293651161421|0.18815274166713078
1671091366746|1645861981765|13194139533907|10995116278185|0.1843547219628799
1671095213220|1662170689610|4398046512783|13194139534221|0.025707593632850113
1671097316103|1665787523990|6597069767512|14293651161864|0.3412409554121814
1671100510062|1655302511275|4398046512238|12094627905995|0.08523551816339067
1671102824093|1669897762857|21990232557127|15393162789294|0.02754896452783537
1671104819846|1666550008589|28587302323992|4398046512027|0.03697131558680573
1671106171625|1670723750398|30786325578096|5497558139646|0.20954854869920683
1671108412564|1666334023929|10995116279743|14293651161535|0.3177102062386504
1671108569708|1660647363038|6597069766903|13194139533588|0.0852758144433739
1671108593305|1662201154165|26388279067752|8796093022598|0.11177043500329086
1671119931792|1626893934673|15393162789879|5497558139361|0.18069817671045435
1671123210693|1670517858904|15393162789862|15393162789205|0.2875696977337749
1671124528007|1668121373753|8796093022416|14293651161892|0.15326923560001968
1671124717476|1669242340082|28587302322347|64|0.15334106483512433
1671125556699|1664504323591|2199023256343|14293651161368|0.575994294690612
1671128084105|1665034197293|28587302323362|2199023255566|0.4197204112787128
1671132643485|1663864617461|13194139534833|14293651162047|0.18244059791424674
1671138744780|1659688537568|10995116277834|13194139533646|0.19728701484323266
1671139690809|1669505040102|19791209301566|15393162789401|0.40156990430268424
1671145412969|1668743812712|15393162789080|14293651161356|0.06606075906996939
1671155535611|1644097329278|15393162789869|10995116278645|0.10830228189414635
1671160466647|1621721503780|507|6597069767101|0.016354128178550125
1671163699170|1668660656100|28587302323074|1099511628390|0.16540914976855112
1671164289552|1669013556911|17592186046161|14293651161323|0.012156047591038626
1671164719539|1641632103664|13194139534649|9895604650734|0.21590497167707917
1671166476809|1650296131597|24189255811260|4398046511125|0.1868994121628527
1671169057553|1661133149671|26388279068293|870|0.1118763541935789
1671183274299|1657473447176|24189255811907|13194139533815|0.041104291677617824
1671185754623|1671128198565|30786325579141|2199023256189|0.0035777672270483774
1671191331898|1671121196472|30786325578501|15393162789082|0.09539560513061297
1671192825594|1670393628224|30786325578005|12094627905787|0.20234343276748057
1671192863498|1646771558423|21990232556067|9895604650475|0.05593647790068026
1671192948756|1668121373753|6597069767000|14293651161892|0.0417431938426546
1671195544914|1667994084917|4398046512075|14293651161294|0.04113159059092518
1671198433109|1666205744501|28587302324077|6597069767388|0.1840917500968538
1671198993378|1657091660986|13194139533445|13194139533631|0.056221294662795636
1671203172093|1669704115833|21990232556626|15393162789416|0.37692240816449263
1671206886503|1671121196472|15393162789435|15393162789082|0.08710346316077079
1671208349933|1669063546400|26388279067868|14293651161204|0.15701628103468482
1671211791721|1661560537126|19791209301447|13194139533495|0.04285818371377232
1671212377583|1665263418363|13194139533348|14293651161116|0.04636404056400446
1671214965254|1622473741268|4398046511519|6597069766929|0.22325721924259143
1671217116930|1658346948863|19791209300508|13194139533430|0.14330081178536336
1671222151541|1670594167342|30786325578303|14293651161805|0.02433625995767997
1671223126175|1656091377242|4398046511457|12094627905784|0.02488301781343216
1671224108218|1665538063989|15393162789688|14293651161794|0.22011687056306556
1671227245138|1668541581222|26388279068293|14293651161649|0.13793855105256297
1671227581206|1661241218900|26388279068023|13194139534298|0.14546377596447244
1671232153180|1665371734167|28587302323192|6597069767244|0.25452556450265146
1671232497280|1635844073763|17592186046413|2199023256288|0.13215658333644678
1671233615200|1629798393918|15393162789435|7696581395035|0.110608382851304
1671238065099|1661604523118|4398046511941|13194139534006|0.08731870932707789
1671241672947|1669047682122|28587302322648|5497558139550|0.24605071805907716
1671243734355|1669103403242|19791209301566|14293651161232|0.7331559070882825
1671245034062|1662500058201|26388279067742|2199023255649|0.12523497018721377
1671246940365|1641313830409|19791209300522|1099511628460|0.07625839280714658
1671256426913|1670723750398|30786325578096|1099511628603|0.2907477369277083
1671265202699|1652714327571|24189255811565|10995116278606|0.03959327199500219
1671268733326|1667933450321|28587302323544|9895604650141|0.29533147917501923
1671272974330|1671124506283|30786325578328|13194139534252|0.10428427249490811
1671275479157|1596917402794|2199023257438|2199023256419|0.02160701280329394
1671283497914|1670292908141|1998|15393162789410|0.009683943802541489
1671283640622|1593832879426|2199023256574|2199023256175|0.1920246293768488
1671284614105|1668540342601|15393162790303|14293651161744|0.14057268478365
1671290167020|1642671041114|10995116278845|9895604650881|0.41211927922761593
1671293069590|1646074632212|4398046512176|10995116278069|0.15864021689871968
1671302660666|1668743812712|26388279067894|14293651161356|0.15489766470209604
1671307304254|1670802532412|30786325579683|7696581395237|0.0009466186879534884
1671311866039|1664544708602|28587302322699|2199023255588|0.04523370658448351
1671312153995|1665261324184|15393162790004|14293651161423|0.10217279989746322
1671312546618|1647973330531|8796093024075|10995116277885|0.1552782012090263
1671312619870|1671121196472|21990232557462|15393162789082|0.1178232971551169
1671316199707|1656657869715|26388279067916|3298534883728|0.14204036717000915
1671319733720|1669536274477|30786325578657|14293651161866|0.09745613025268324
1671322280341|1625347821153|15393162788939|6597069766723|0.1384268995880388
1671322845961|1655595042664|24189255812553|1099511628330|0.0894945099534896
1671333825889|1605461989805|8796093024037|3298534883649|0.15476800822769118
1671335167401|1663894579797|28587302323626|3298534883436|0.06958334474595455
1671335400078|1613417435988|2199023256773|5497558139219|0.3129592442980376
1671341418726|1664698753393|28587302323623|5497558139444|0.452415741818451
1671341810206|1653998097434|882|12094627906283|0.09408158514764438
1671347373482|1669616814723|30786325579150|7696581394894|0.052116396843547706
1671348675622|1671285943422|17592186045638|15393162789019|0.23038531276478644
1671351888795|1670553897733|30786325579639|4398046511433|0.21401429481337342
1671352128254|1649511095956|2199023255846|10995116278494|0.01632157903731159
1671352250798|1636044309907|17592186045746|6597069767212|0.1524309742946002
1671358498546|1661127015290|26388279067279|3298534883728|0.14097708345103616
1671360930125|1647562158438|2199023256678|10995116277886|0.2838966470439282
1671361905475|1666645415305|19791209301168|14293651161728|0.22905860270812037
1671363961217|1644373722131|21990232557249|2199023256206|0.4778462508622187
1671366803839|1640812550384|8796093022687|9895604650271|0.059896738631892925
1671370533649|1665751293666|13194139535288|14293651161961|0.16508390112932025
1671372790932|1671128198565|30786325579141|7696581395337|0.1289676846941452
1671376362913|1669897762857|17592186046100|15393162789294|0.16345679391880247
1671376718597|1671317870204|4398046512588|15393162789658|0.13993021516140672
1671378000508|1652546878846|19791209301288|12094627906318|0.5886900194186214
1671379176973|1667114671372|28587302322858|952|0.16919485978463353
1671379182737|1641302827337|19791209300350|2199023256181|0.12640457875245173
1671379611264|1653404850286|24189255812886|7696581395052|0.013855341671026077
1671387135516|1669676520864|30786325579555|5497558139102|0.18965398325919167
1671387392848|1653998097434|15393162789021|12094627906283|0.02128179287784866
1671388757092|1670747910372|30786325579612|314|0.0570687865773695
1671391522829|1671128198565|30786325579141|2199023255941|0.07805970988835327
1671391537943|1667237569673|19791209301499|14293651161538|0.1084368515757902
1671394104347|1665147341308|28587302323573|10995116278697|0.16256584021917425
1671395674564|1654916078365|17592186044823|12094627905646|0.02702854290389264
1671396817167|1670970830150|30786325578903|93|0.40347661757517306
1671401829248|1671214597326|13194139533556|15393162789373|0.11342621445228614
1671403745632|1654163025580|24189255811824|12094627905597|0.009184118874609983
1671405114406|1645757095120|21990232556287|4398046511928|0.197157023142226
1671406995005|1670183068013|21990232557425|15393162789108|0.34687716489597326
1671407035041|1660627219424|26388279066981|7696581394894|0.18950560562930896
1671409058082|1668407421849|28587302323603|2199023256070|0.30363931595871224
1671409757428|1671350479332|19791209301456|15393162789419|0.3971435918205704
1671410373658|1670747910372|30786325579612|6597069766864|0.20154760627993532
1671411403551|1668858816263|13194139534780|14293651161950|0.0970610235089306
1671416812593|1658111341884|10995116278188|13194139533678|0.37205422087790196
1671418182146|1640942523111|13194139534177|9895604650495|0.5882023965116006
1671424121032|1626695576000|8796093022425|7696581395139|0.03633057115697689
1671424603911|1669848728536|30786325578700|14293651161421|0.18428762038535643
1671425638211|1653599736331|24189255812398|9895604650934|0.1366983433032951
1671428950900|1668672243057|24189255811232|14293651161866|0.16418617109613792
1671436378303|1651309245178|24189255811501|3298534883917|0.11210744032391579
1671441226436|1652507877717|17592186044998|12094627906366|0.03871677152036212
1671446089553|1655693135734|13194139533380|12094627906278|0.07820601775896162
1671455435013|1663327415113|13194139534561|14293651161191|0.13265432634563476
1671455842390|1665296787885|19791209301263|14293651161549|0.0853822105026291
1671461302678|1666334023929|17592186045378|14293651161535|0.04655084299492763
1671462134927|1627874852983|15393162789976|7696581395237|0.01323858777013446
1671464016980|1634655862590|17592186046179|4398046511433|0.1367042151847431
1671468747350|1665758432111|28587302322416|7696581395107|0.12665096017283714
1671474110692|1656779409253|26388279067731|3298534883738|0.1775067772185348
1671475955134|1656979939542|2199023255767|13194139533877|0.142684376965112
1671480485827|1661131422216|13194139533768|13194139533895|0.004335781883410869
1671481074866|1666645415305|26388279068601|14293651161728|0.20034066570114054
1671486556762|1667747443961|28587302323501|8796093022890|0.18755450887817776
1671490197870|1669676520864|30786325579555|12094627906450|0.1366279824140351
1671490724512|1667012752601|28587302322451|14293651161100|0.040391215959393684
1671490856474|1641156367746|13194139534569|9895604650105|0.18047170445852723
1671491096745|1671461141325|30786325579104|4398046512096|0.008679673712032833
1671499838566|1622605321755|8796093023657|6597069766983|0.1425695815692109
1671506876191|1658346948863|21990232555848|13194139533430|0.07326993967616603
1671507953566|1644706172239|13194139533486|10995116278053|0.3138604476553543
1671511116079|1625210508846|15393162789783|934|0.030486018275531948
1671515509999|1655899371577|24189255812905|9895604650877|0.32227944606510245
1671516472043|1671461141325|30786325579104|6597069766845|0.11352583742886158
1671516695864|1642701483366|17592186044812|9895604650773|0.20962153530474653
1671516774532|1648324846826|21990232556020|9895604650238|0.07756011076764135
1671521191247|1668613742025|28587302323701|7696581394807|0.07945147357068384
1671525218311|1648909857077|21990232555822|3298534883649|0.10739310398917959
1671530698800|1669650572451|19791209301898|15393162789760|0.1724419289378127
1671534693223|1671214597326|2199023256678|15393162789373|0.1111213835881363
1671539990494|1625096195727|10995116279266|7696581394479|0.11667063072770392
1671543342389|1668973740659|28587302323444|9895604650105|0.16451960338690594
1671543831831|1665122867751|24189255811125|14293651161377|0.6061668024649358
1671545852982|1610358174451|8796093023003|2199023256313|0.2737115064188276
1671546606909|1668541581222|15393162789976|14293651161649|0.03231445500485537
1671549034761|1663894579797|28587302323626|9895604650366|0.1859382189906864
1671554026406|1669862897991|30786325578345|1099511628236|0.22944079714782917
1671558155737|1668265168561|26388279066896|14293651161171|0.13712261933447079
1671561160895|1652673549730|19791209301269|12094627906439|0.11118815353047849
1671585263146|1667058805599|28587302322515|2199023256400|0.09234141352266276
1671591286297|1668072238991|8796093023587|14293651161300|0.25838701615323634
1671593051452|1670589807020|24189255811394|15393162789458|0.1413833826760503
1671595478881|1664911351577|28587302323271|3298534883436|0.20523942038266407
1671597612696|1667747443961|28587302323501|8796093022227|0.3751969899831791
1671601510887|1620900336642|13194139535301|6597069767650|0.006060708296407186
1671601560335|1670317094611|30786325578280|3298534883658|0.18707486285323774
1671603765636|1669650572451|10995116278725|15393162789760|0.06591359601758473
1671603984387|1630261401882|8796093023331|8796093022313|0.39915411507736775
1671607511798|1670183068013|26388279067742|15393162789108|0.10369674841280437
1671609874372|1666863977841|26388279066681|14293651161786|0.03311760663868015
1671612381255|1667920375154|28587302324059|6597069767595|0.14408239548674442
1671618130796|1668743812712|26388279067872|14293651161356|0.20534380823038026
1671618417570|1659595628778|26388279068307|12094627906347|0.08507067671675186
1671631774468|1651292428645|4398046512057|12094627906450|0.26581328331008597
1671637091242|1668040975822|6597069768608|14293651162055|0.034813950504759536
1671640031346|1654803774018|2199023257155|12094627905553|0.1484920393735322
1671640769672|1621396381555|10995116279689|6597069767511|0.08478591928414925
1671644739385|1671124506283|30786325578328|14293651161329|0.1563942295135997
1671646483011|1651463183244|24189255813050|9895604650393|0.4597173327254659
1671652352650|1670594167342|30786325578303|10995116278052|0.28116348998184787
1671656535113|1671626728489|30786325578738|598|0.26368477954573577
1671657440805|1658289028484|17592186045681|13194139533597|0.0458376853598254
1671660252897|1670292908141|15393162789722|15393162789410|0.10629289023712012
1671670788967|1666188224306|21990232556541|14293651161784|0.044254177879823484
1671672698350|1670041318423|30786325579478|12094627906239|0.20081628853741226
1671673249844|1669168669801|236|14293651161646|0.22999913699856192
1671678061139|1671317870204|10995116279196|15393162789658|0.15937664667741194
1671695948551|1657709551107|10995116279394|13194139533446|0.22355534016242
1671697564544|1670723750398|30786325578096|1099511627889|0.00721769334824802
1671705852771|1668093743709|28587302323235|14293651161276|0.3640836528956959
1671706646134|1669110851059|28587302323274|8796093022211|0.09305714028304525
1671706929318|1667580695544|8796093024055|14293651161467|0.17598680133973632
1671708226788|1652255303766|24189255811101|6597069767062|0.18528433898919747
1671709169591|1665296787885|10995116278741|14293651161549|0.22800909666367644
1671715519041|1668407421849|28587302323603|7696581394534|0.00830384736811361
1671715646750|1658743805527|26388279066681|257|0.10295289592407905
1671718083370|1662285433887|4398046512292|13194139533961|0.06997249102169366
1671719565583|1663327415113|26388279067442|14293651161191|0.10802283019653568
1671722527496|1667301282692|17592186044438|14293651161276|0.001008290783961727
1671722759470|1669037996117|28587302323469|3298534883597|0.11589996490946461
1671723962384|1651922088182|24189255811464|9895604650272|0.11431002016071184
1671725014565|1668653194816|28587302322245|6597069767402|0.00865433238458148
1671730240013|1661298034494|26388279066896|13194139533856|0.06436299416150575
1671744332243|1668540342601|28587302322457|14293651161744|0.21340926861074272
1671745866587|1666551054963|28587302324054|6597069767495|0.1704552776888352
1671746767405|1669536274477|30786325578657|13194139534252|0.016685083355264394
1671752122958|1670292908141|2199023256040|15393162789410|0.08319747927853444
1671757349956|1671586432079|30786325578305|2199023256281|0.1467238061042203
1671759814098|1667301282692|24189255812517|14293651161276|0.5210581744298982
1671764434512|1669704115833|19791209300901|15393162789416|0.3011940831330589
1671766315204|1645005337209|21990232556635|6597069766871|0.2450972028422044
1671769992910|1668093743709|28587302323235|12094627906089|0.11063767375175944
1671770749612|1665309924158|28587302323662|13194139533430|0.07615504374935704
1671773970400|1670497517064|30786325579533|14293651161980|0.24594461925050032
1671776330815|1635859371067|6597069767043|8796093022339|0.17495091552422512
1671776523759|1667770216402|28587302322196|1099511628633|0.10977973349841005
1671777164251|1655292550001|13194139534145|12094627905834|0.11377957560635879
1671779364957|1669862897991|30786325578345|10995116277956|0.40008871812579355
1671782849628|1639228582175|19791209300980|3298534883393|0.1560783375958277
1671792217225|1608619571096|957|4398046511285|0.18469616843696893
1671796025679|1670292908141|13194139535262|15393162789410|0.11038211720356496
1671803632037|1657794975452|6597069767942|13194139533827|0.05503509878448003
1671805073448|1668032890184|28587302323110|12094627905710|0.11906514541896256
1671808481390|1670474217024|30786325578634|5497558139133|0.18407544145033206
1671809512047|1654588507219|24189255812163|680|0.1559716130577431
1671820926711|1669897762857|17592186045024|15393162789294|0.10145876785318962
1671820999104|1642483097354|4398046511504|9895604650159|0.2693507196226381
1671823271179|1651926535825|10995116278997|12094627906436|0.0894989504547363
1671825360133|1640585005348|4398046512176|9895604650459|0.1561972816266059
1671828734775|1668515634790|28587302322691|1099511628725|0.3723243134993581
1671831516788|1664667689396|2199023255803|14293651161805|0.08396443377839716
1671834501716|1670345954213|2199023256574|15393162789473|0.1558583301758976
1671840984665|1658993286063|26388279066896|7696581394436|0.42290315107133153
1671843783760|1668121373753|24189255811533|14293651161892|0.03754910788085847
1671844853863|1671485528330|30786325578007|12094627906219|0.021441871462687237
1671845255816|1668730744128|28587302323782|14293651161172|0.0624842618745896
1671848620084|1666863977841|6597069766877|14293651161786|0.1150497161318639
1671850158575|1670970830150|30786325578903|13194139533678|0.20342596564801516
1671850765144|1645598307994|21990232555996|10995116278286|0.06016584972359066
1671853647701|1668866908558|28587302323167|12094627905696|0.02933587484042689
1671855770644|1671626728489|30786325578738|13194139533801|0.1250550479230436
1671862616525|1671586432079|30786325578305|15393162789082|0.06535631632724868
1671863972691|1671350479332|13194139534578|15393162789419|0.279718679600638
1671865358098|1671121196472|24189255811527|15393162789082|0.12567616321532324
1671867587116|1651997585645|2199023256773|12094627906434|0.1168067912365317
1671869444897|1651996707451|2199023257207|12094627905864|0.13873014419450239
1671872896592|1619941058982|4398046511504|6597069767280|0.06548812432728635
1671873452028|1671586432079|30786325578305|2199023255780|0.04563467756772251
1671873454912|1630827616696|4398046512678|8796093022528|0.15060218620773635
1671875049597|1655165243268|6597069768443|12094627906239|0.2184481586229649
1671878047511|1671121196472|13194139535249|15393162789082|0.019030418940357403
1671878674419|1670517858904|4398046512057|15393162789205|0.31690699392839156
1671880305089|1667094262133|1939|14293651161911|0.02222285643929729
1671880889993|1654565945521|24189255812361|354|0.13229133915822086
1671881350400|1669505040102|1385|15393162789401|0.04285035863325908
1671882532017|1657747843181|15393162790175|13194139534079|0.021779138038295065
1671883151183|1668682029836|28587302322800|13194139533384|0.13187314960051172
1671889968095|1667994084917|8796093023794|14293651161294|0.16360750726510268
1671891572448|1667014217221|24189255811466|14293651161819|0.13720647574345946
1671892270946|1655402191397|4398046512359|12094627905713|0.09756744268760477
1671898448957|1664911069520|28587302323053|9895604650136|0.275797782438792
1671900570572|1665908865508|28587302324052|7696581395417|0.12096156709464466
1671901882194|1671890103871|28587302322648|15393162789103|0.401041805500579
1671902037567|1669723269798|30786325578686|10995116278634|0.2101003456597835
1671903031400|1667251287882|15393162790360|14293651161876|0.05921870220820739
1671915197672|1667183143088|28587302322665|8796093022294|0.04390382735145813
1671915401096|1668121373753|15393162789862|14293651161892|0.12056816326955185
1671916640849|1671747377912|13194139534282|15393162789352|0.11669580590774419
1671919430454|1661563566849|26388279066700|9895604650734|0.17951194509096322
1671923717807|1668603502728|28587302322628|351|0.18079099423721431
1671924399399|1667337935880|28587302323303|12094627906278|0.14624227848394816
1671925204953|1612419905569|4398046512888|5497558139568|0.15348759784683477
1671930594335|1670308469682|30786325578724|10995116278012|0.11840175264155552
1671930940352|1671771279793|30786325577806|6597069766902|0.17895844224130303
1671931051736|1670802532412|30786325579683|7696581395417|0.26396174664103633
1671933787444|1665751293666|24189255812361|14293651161961|0.1395062017619591
1671933995395|1668603502728|28587302322628|12094627905710|0.02155789656762705
1671936898429|1667697104222|28587302322992|12094627906215|0.08518602132904914
1671943182596|1660078416789|26388279067524|10995116278026|0.11583800851071162
1671944141436|1594668052958|1421|2199023256433|0.10769094709368131
1671948560512|1669536274477|30786325578657|365|0.014683545532727325
1671948592463|1669326672557|30786325578262|12094627906434|0.16312584274420389
1671949578306|1671085274279|13194139534015|15393162789267|0.2898126600110347
1671950367583|1661938461695|8796093023409|13194139533439|0.20724323044241652
1671954164490|1667651286215|28587302323827|13194139533617|0.27181123722429795
1671954395667|1668265168561|24189255812995|14293651161171|0.18651575869797507
1671959466040|1671214597326|30|15393162789373|0.06309518521724432
1671959983211|1656208408664|24189255811214|8796093022588|0.14914594551371146
1671962365168|1644038521268|21990232556803|10995116278200|0.19077030773121237
1671963928540|1668773078798|28587302322731|1099511628372|0.09739101661644288
1671966818192|1605893839943|8796093022698|2199023256189|0.01506875855168575
1671970521431|1667583697746|24189255811464|14293651161154|0.08028903638658051
1671973309714|1666304949880|24189255812371|14293651161249|0.21003802232434027
1671977394458|1666686003376|13194139534707|14293651161872|0.13266716219761074
1671979168147|1671239752247|30786325579200|2199023256132|0.02541630667966325
1671983209357|1671748235441|17592186045315|15393162789807|0.24407881265588727
1671985985719|1665971176662|15393162789751|14293651161358|0.08730828234145663
1671986453104|1668953289950|17592186044598|14293651161847|0.3727453502081069
1672001689166|1635544691394|17592186045329|3298534883592|0.36953206717751974
1672004531078|1671586432079|30786325578305|8796093022519|0.5032945816959054
1672005791027|1613145115012|8796093022416|5497558139028|0.18198783146403297
1672009863423|1660153435074|13194139535202|13194139534228|0.14623667539108104
1672013157315|1671214597326|15393162790210|15393162789373|0.18197791581660647
1672013519513|1671285943422|26388279067234|15393162789019|0.2181549097647401
1672017910098|1660500354229|26388279067725|9895604650737|0.027382715749941864
1672022610800|1670517858904|17592186044486|15393162789205|0.24293228232875266
1672023133520|1661526377413|26388279067421|2199023255777|0.0767782534185557
1672027662060|1649224677428|4398046512783|10995116278614|0.27425936022638736
1672030422689|1664284564004|28587302323988|2199023256189|0.14918461522951448
1672033578542|1665747959038|28587302323090|6597069767004|0.08130437554740998
1672041386766|1659961336710|26388279066773|354|0.16875478437600624
1672041825465|1605570201659|8796093023088|2199023255912|0.2875290110678868
1672045812850|1614450921088|10995116278498|2199023255737|0.16439721784246414
1672047423878|1671121196472|10995116278072|15393162789082|0.026459467095280312
1672055745508|1634637063232|13194139535257|8796093022534|0.014365972427705738
1672056371308|1657579556400|6597069767524|13194139533905|0.012011091809103105
1672057581882|1668697572549|28587302323594|12094627905784|0.20988327654248537
1672060395940|1671962167893|15393162789129|15393162789225|0.05764904183048526
1672064373266|1671747377912|2199023257333|15393162789352|0.12573955736610726
1672065686105|1669272190263|4398046511749|14293651161810|0.3205174974785843
1672069002027|1668759449691|1614|14293651162015|0.30605407102579035
1672072426683|1671919247813|30786325579656|12094627905848|0.9438491538975388
1672075672998|1666015485254|28587302322571|10995116278523|0.0592331823464007
1672077655940|1643599372245|19791209301410|10995116277939|0.07410035352291154
1672079143223|1625098535727|15393162790591|615|0.07520331061525751
1672087612528|1662827469908|28587302322627|6597069767228|0.429142278206546
1672087644370|1619037304621|13194139534773|635|0.05633363401684209
1672088751691|1671919247813|30786325579656|3298534883523|0.295197072809051
1672088848393|1666255242879|28587302323942|2199023255833|0.17284732105037312
1672090954760|1656299556193|26388279067042|2199023256007|0.06171628734433663
1672100052254|1667251287882|19791209301628|14293651161876|0.21743311201399781
1672106198257|1641829613107|15393162788890|9895604650966|0.19569090826276916
1672106261869|1671747377912|24189255811204|15393162789352|0.11139858683166677
1672107266037|1671121196472|24189255811737|15393162789082|0.19679173024641985
1672107769570|1671586432079|30786325578305|180|0.20790864464526201
1672111053230|1671080574747|13194139533350|15393162789171|0.12740424121540248
1672115929977|1587262740666|2199023256114|1099511628516|0.2804793861337107
1672116040857|1671771279793|30786325577806|13194139533495|0.24889708661827598
1672117463727|1671962167893|21990232555533|15393162789225|0.08473281826168191
1672118059613|1664667689396|17592186044998|14293651161805|0.12423900048296431
1672124626364|1671962167893|2199023257207|15393162789225|0.13436291304109887
1672125980260|1649224677428|17592186044478|10995116278614|0.09764571556718782
1672128717897|1665971176662|15393162790456|14293651161358|0.2972065935153731
1672129888430|1663511648283|10995116278719|14293651161756|0.03954376905708796
1672130280716|1667994084917|6597069768102|14293651161294|0.06236646066371236
1672134299688|1656726668930|26388279067844|739|0.11422104440014774
1672138090854|1669440064353|30786325578193|13194139534224|0.07795321549136959
1672143360203|1668483790823|28587302322689|1099511628006|0.34904237946613653
1672144733806|1670809605606|30786325579434|13194139533801|0.2583454270512254
1672144823778|1671919247813|30786325579656|8796093023067|0.7251420725081239
1672148495655|1661558977320|26388279066767|9895604650341|0.1819356414472162
1672150039342|1670191282620|8796093022236|15393162789068|0.3701892895623367
1672152252358|1668961552368|8796093023712|14293651161291|0.05449465568851282
1672157072696|1664619212652|17592186044817|14293651161710|0.2007203576487008
1672159554260|1648596036082|21990232556746|9895604650066|0.12704249482319205
1672162033185|1668773078798|28587302322731|12094627906516|0.1873360497198928
1672163184698|1671085274279|13194139535245|15393162789267|0.29738061914356106
1672165924088|1658648023803|21990232555688|13194139534270|0.1112642365557128
1672168167386|1669304927185|30786325578877|1099511628351|0.19669704755398187
1672171997667|1669098925989|28587302323875|4398046511515|0.17933356406410825
1672174294542|1625390825088|2199023256133|7696581394572|0.12053975508548027
1672178062593|1668216209648|8796093023436|14293651161587|0.15470070187038165
1672185167995|1665725728362|17592186045329|14293651161421|0.01344376832069636
1672186052687|1633152689921|17592186044622|7696581394819|0.14662667888309527
1672188013284|1672186808656|30786325579254|1099511627889|0.10251736665493764
1672188897044|1670183068013|6597069766809|15393162789108|0.13500397469724246
1672192161548|1605622815531|8796093022702|4398046511113|0.3912765338286757
1672199351747|1669190478577|28587302324098|2199023256070|0.10679479392317101
1672202414415|1672060733537|28587302323336|15393162789167|0.19302545952956518
1672204061636|1670589807020|10995116278334|15393162789458|0.0872050441303231
1672206925634|1671840548198|30786325579229|2199023256181|0.19517079506814602
1672208743583|1672196475512|28587302323992|15393162789657|0.052666624199833915
1672208763302|1625616118921|4398046512075|7696581394454|0.13142431256821924
1672211010831|1661558977320|26388279066767|7696581395140|0.5935066436358385
1672211187224|1649531726069|13194139535269|10995116278747|0.15658415126216804
1672212186057|1639396665833|15393162789480|9895604650324|0.21427785421334533
1672214325646|1670308469682|30786325578724|14293651161583|0.4208517556345951
1672215152084|1671890103871|28587302323265|15393162789103|0.008783423332195514
1672217916347|1635271063296|2199023256964|8796093022532|0.2904100720180583
1672219068598|1668759449691|4398046511113|14293651162015|0.37738012260753734
1672222350397|1661624151768|13194139534951|13194139534311|0.12123908388216961
1672225977433|1647146448465|6597069766753|10995116278436|0.16141615888178426
1672226752579|1662521137347|26388279068584|9895604650159|0.44016973167454726
1672227292985|1671747377912|26388279068610|15393162789352|0.14397269769679794
1672229155030|1626355140760|15393162789477|6597069766898|0.22232379977525765
1672231821794|1647662091408|8796093023755|10995116277874|0.147591009790766
1672235712825|1672060733537|1568|15393162789167|0.014441876120844466
1672236975325|1669536274477|30786325578657|10995116278242|0.1545200422858656
1672240325928|1666469237552|28587302322578|2199023255948|0.32561630112839174
1672242878502|1669614876309|30786325578421|9895604650734|0.06319986583791899
1672245712659|1668858816263|26388279067274|14293651161950|0.10702347153614825
1672246332379|1662239533114|26388279067843|10995116278206|0.09980689421246618
1672248034305|1624514956331|15393162789781|2199023255950|0.48284615034032025
1672250482387|1672060733537|28587302322800|15393162789167|0.11739839456088318
1672259463992|1669304927185|30786325578877|7696581394467|0.09776808313404572
1672259884433|1654795996383|17592186044812|12094627906516|0.08926493704825395
1672266373980|1671586432079|30786325578305|2199023256395|0.5794363494161672
1672270914279|1641743234850|19791209300080|4398046511933|0.03379261662754886
1672275662994|1669037996117|28587302323469|7696581394831|0.07266015133402416
1672275923554|1655323915459|24189255812587|3298534884130|0.17359164338719302
1672276414325|1669614876309|30786325578421|8796093022564|0.1731313173154538
1672276727543|1668407421849|28587302323603|14293651161876|0.022627724745981022
1672279418933|1671748235441|26388279068161|15393162789807|0.17515287952148756
1672281532572|1664698753393|28587302323623|4398046511482|0.2958261165381335
1672282912838|1671913800808|30786325579463|9895604650315|0.16570244697912528
1672286274951|1665751293666|19791209300175|14293651161961|0.1872367942591725
1672286810285|1644496113461|21990232557220|1099511628377|0.06437810709348683
1672289550041|1667583697746|13194139533594|14293651161154|0.19535147767459363
1672291593175|1667580695544|17592186044974|14293651161467|0.03166862744993598
1672292270912|1654317457551|15393162788943|12094627906148|0.32293626896057803
1672293860440|1671962167893|10995116279196|15393162789225|0.16142575102896006
1672295369005|1670292908141|8796093022799|15393162789410|0.039307559043434914
1672295753271|1671962167893|2199023256923|15393162789225|0.17083788191599678
1672296523684|1671214597326|985|15393162789373|0.16707509596461004
1672298926061|1671239752247|30786325579200|14293651162063|0.3576989457637393
1672299789220|1672145946461|26388279066981|15393162789279|0.08650637807895582
1672302581177|1672196475512|19791209300630|15393162789657|0.0031748400923388292
1672306198306|1668660656100|28587302323074|870|0.0023751190087293213
1672306711460|1671214597326|6597069767243|15393162789373|0.10984818322849306
1672310181509|1672145946461|17592186046049|15393162789279|0.14228422628214638
1672320082243|1672265377847|30786325579566|9895604650475|0.2900339976180263
1672320892255|1667437676181|28587302323464|4398046511803|0.18585489857995302
1672323823364|1652948601713|21990232557445|12094627905655|0.2871169514576466
1672324262398|1662100019298|26388279067782|5497558139136|0.187229479376363
1672325207829|1664901840235|28587302323761|12094627906347|0.05056957039825136
1672328229233|1671085274279|26388279068224|15393162789267|0.13317892002374154
1672335242175|1668806235853|15393162790269|14293651161680|0.11164200645608356
1672340480536|1667094262133|2199023257037|14293651161911|0.1456249267391585
1672347720655|1630409480573|13194139534132|8796093023067|0.046764534110489114
1672351506976|1660474198715|19791209300513|13194139534023|0.08761257837882444
1672355677099|1671840548198|30786325579229|14293651161574|0.2982537691582389
1672358248913|1666014558795|17592186044500|14293651161450|0.24098427602980263
1672358985200|1633634764513|2199023255700|8796093022564|0.28072560033168886
1672360627272|1672358232864|24189255812117|15393162789647|0.09229281677976951
1672360823792|1672358232864|2199023255844|15393162789647|0.17853698807265073
1672360956835|1672060733537|26388279067144|15393162789167|0.2518748289642649
1672361115431|1671586432079|30786325578305|2199023256288|0.03830742364425858
1672361319236|1672257590452|28587302322489|15393162789469|0.37706690050639674
1672362700667|1672196475512|4398046512887|15393162789657|0.15026344985647733
1672364476567|1640714843626|755|9895604650008|0.28189848088320274
1672364947811|1665371734167|28587302323192|13194139533495|0.10899110930995758
1672367037463|1671919247813|30786325579656|7696581394467|0.08326199693829776
1672369886798|1670510447377|15393162789164|15393162789077|0.12181097169487445
1672370985785|1671747377912|2199023256731|15393162789352|0.08520447567804096
1672373274089|1671586432079|30786325578305|8796093022339|0.10122154507646187
1672377677757|1665551897347|10995116279083|14293651161289|0.06292803230807277
1672380757755|1660693897925|26388279066851|7696581394664|0.14491349663961298
1672385216133|1608874223223|8796093023401|2199023256435|0.6252548285497276
1672391650168|1671890103871|26388279068065|15393162789103|0.12559863104775962
1672392531305|1671913800808|30786325579463|10995116278518|0.12255971565115847
1672395802742|1672196475512|6597069768550|15393162789657|0.16766649435289427
1672399552426|1672375900050|15393162790827|15393162788937|0.06260692522311175
1672399565433|1655466663586|15393162790400|12094627905722|0.17754617347875565
1672400440236|1650545125264|601|12094627905705|0.05655546242997041
1672401441416|1672358232864|10995116279620|15393162789647|0.0738640328771569
1672402303719|1661221524663|6597069768244|13194139533448|0.448641014457326
1672407036833|1669447595744|21990232556135|15393162789409|0.09501854957758649
1672407200665|1655760896801|24189255812611|393|0.13369411055198668
1672410804860|1672375900050|2199023256252|15393162788937|0.21218924396428154
1672413526903|1660836806269|26388279067127|2199023256481|0.22680275378230683
1672416915664|1670308469682|30786325578724|7696581395075|0.03290592330196115
1672416935016|1672413352021|15393162789420|15393162789293|0.12490044065988545
1672417980945|1670510447377|28587302323362|15393162789077|0.2479732409386574
1672426199713|1671962167893|21990232555932|15393162789225|0.011969227289948087
1672426769833|1670970830150|30786325578903|12094627905956|0.18866322744977224
1672427358897|1672145946461|8796093023672|15393162789279|0.22865919752676328
1672428717480|1665860646560|15393162789869|14293651161665|0.037146982006810596
1672430257736|1670747910372|30786325579612|1099511628698|0.0394675741863882
1672431888039|1671913800808|30786325579463|5497558139284|0.007504099308652153
1672434163583|1669730634096|30786325579315|1099511628449|0.09168795414638295
1672434609001|1672375900050|10995116279196|15393162788937|0.07016527231096183
1672437875531|1672397175524|4398046512070|15393162789446|0.20307904546108083
1672441306565|1654864519426|21990232555853|12094627906402|0.22254939557038936
1672446652780|1671962167893|10995116277915|15393162789225|0.116564904520436
1672447289875|1660384253080|26388279067138|7696581394869|0.08145677674662054
1672450312493|1669272190263|8796093023638|14293651161810|0.24603871516797243
1672450819186|1672413352021|30786325579307|15393162789293|0.06543198329198252
1672451429439|1669045227841|28587302322408|5497558139374|0.19142347197183243
1672455161755|1672381512216|30786325578185|2199023256435|0.03123633838282324
1672456674259|1672397175524|15393162790827|15393162789446|0.2368796752134274
1672459301148|1672413352021|19791209301247|15393162789293|0.1201800962783983
1672459617674|1672265377847|30786325579566|4398046511142|0.002955474871177559
1672460098625|1672413352021|28587302323339|15393162789293|0.22308108155384573
1672461723777|1671962167893|8796093023332|15393162789225|0.07421665161454621
1672463520499|1671124506283|30786325578328|9895604650231|0.24219038103572488
1672463789568|1672186808656|30786325579254|8796093022248|0.12469980145028005
1672466023306|1668730744128|6597069767000|14293651161172|0.29208867363906754
1672467007212|1672414614853|30786325578691|14293651161879|0.08875080459059131
1672467448833|1672375900050|19791209301939|15393162788937|0.1340255822638833
1672471909699|1668743812712|19791209301499|14293651161356|0.24204646193613008
1672473764453|1668040975822|2199023256923|14293651162055|0.16400751075761777
1672475610841|1672397175524|1790|15393162789446|0.0664707231796736
1672476211474|1671214597326|1008|15393162789373|0.03430210086641516
1672478613633|1664400488992|28587302323659|2199023255912|0.10505719760701095
1672479416036|1672145946461|26388279066681|15393162789279|0.28419673626212
1672491240443|1665490912248|28587302322889|2199023255968|0.07453378954436177
1672495500814|1672381512216|30786325578185|5497558139345|0.20480623016828764
1672496081919|1662924318271|10995116279509|14293651161967|0.23146281011916206
1672497346290|1667014217221|6597069767047|14293651161819|0.051197457369127695
1672497573048|1672414614853|30786325578691|815|0.18159940033247787
1672497624113|1666085901257|28587302323579|7696581395139|0.10762260711093721
1672497849860|1670553897733|30786325579639|8796093023206|0.12004659839859323
1672498467170|1667594473655|10995116279188|14293651161879|0.10338529063076117
1672502422534|1660409360763|26388279067692|2199023256288|0.21799263536998215
1672502571017|1672431126460|19791209301576|15393162789100|0.2704945057088683
1672503137698|1655222004164|4398046511240|12094627905606|0.5076250604595404
1672505034818|1672431126460|832|15393162789100|0.09080818370717894
1672509404807|1672492044427|8796093022737|15393162789815|0.183888870772409
1672510635380|1672358232864|10995116277978|15393162789647|0.20520787314492034
1672510818569|1672257590452|2199023255767|15393162789469|0.02746497119604076
1672510996495|1656590888516|2199023255662|13194139533976|0.30311464071901356
1672512580968|1671962167893|10995116278101|15393162789225|0.16311675533249692
1672513671335|1651997585645|10995116278334|12094627906434|0.13181230216302114
1672515167544|1672358232864|17592186044478|15393162789647|0.053995161755581965
1672515658473|1655944790618|24189255811333|3298534884056|0.041992634008185495
1672518331964|1671747377912|24189255812269|15393162789352|0.07269764222986339
1672518918676|1672492044427|28587302322878|15393162789815|0.12702789653714763
1672519178700|1672431126460|13194139533667|15393162789100|0.2711075903334776
1672520406273|1672196475512|28587302322416|15393162789657|0.1466871378074209
1672521524471|1672375900050|28587302323542|15393162788937|0.18817572669349988
1672521870013|1672375900050|24189255813046|15393162788937|0.1341810478844492
1672522973447|1671771279793|30786325577806|8796093022381|0.19073973890751766
1672523248665|1672413352021|2199023256040|15393162789293|0.06911410852241796
1672526852853|1672413352021|30786325578877|15393162789293|0.11411613451269273
1672528542808|1672397175524|10995116278806|15393162789446|0.3353402761412757
1672528965451|1672492044427|30786325579254|15393162789815|0.2868096281236679
1672530410258|1668121373753|15393162790653|14293651161892|0.10412622345237094
