companyId|companyName|isBlocked|createTime
423|Franecki LLC|false|2020-01-01 12:38:32.171
538|Shields and Sons|false|2020-01-02 09:27:07.185
237|Rosenbaum-Gleason|false|2020-01-03 13:25:34.856
641|Schaefer-Douglas|false|2020-01-03 22:19:26.903
599|Weber-Connelly|false|2020-01-04 12:38:33.708
595|Hermann-Russel|false|2020-01-05 01:02:16.242
43|Lesch-Bergnaum|false|2020-01-06 13:26:02.776
344|Jacobson-Yost|false|2020-01-07 09:37:27.324
584|Klein Group|false|2020-01-09 05:23:18.015
807|Harber-Wilkinson|false|2020-01-09 05:48:24.25
506|Cassin-Ullrich|false|2020-01-09 19:04:44.003
365|Jacobson-Cruickshank|false|2020-01-12 00:38:15.627
560|Stracke-Kunde|false|2020-01-13 19:11:15.081
29|Koss-Rogahn|false|2020-01-16 10:37:43.38
351|Bahringer-Daniel|false|2020-01-16 17:11:23.03
976|Pacocha-Pfeffer|false|2020-01-18 20:58:39.975
901|Reinger-Weber|false|2020-01-19 10:50:29.007
616|Funk-Rolfson|false|2020-01-21 23:27:32.966
739|Kunze-Schiller|false|2020-01-23 05:21:55.928
257|Gorczany-Dickens|false|2020-01-24 16:32:04.645
483|Murazik LLC|false|2020-01-30 07:24:37.696
533|Stanton-Wolff|false|2020-01-31 12:56:59.517
667|Veum-Schaden|false|2020-02-01 04:38:10.445
938|Dickens LLC|false|2020-02-01 19:53:16.991
93|Sawayn PLC|false|2020-02-02 10:46:45.892
550|Pfannerstill PLC|false|2020-02-04 04:16:12.875
651|Morar-Quitzon|false|2020-02-05 20:13:01.18
100|Boyer-Morissette|false|2020-02-06 15:11:14.348
336|Roberts LLC|false|2020-02-08 02:23:07.703
960|Rosenbaum-Ondricka|false|2020-02-08 13:28:08.558
773|Wiegand-Anderson|false|2020-02-10 08:13:19.043
628|Weber Group|false|2020-02-11 14:54:23.984
642|McClure PLC|false|2020-02-12 17:19:44.609
180|Auer PLC|false|2020-02-16 00:09:35.883
997|Quitzon and Sons|false|2020-02-16 20:35:03.027
680|Bailey-Stehr|false|2020-02-17 10:04:45.393
192|Champlin PLC|false|2020-02-17 22:56:34.334
342|Lockman Ltd|false|2020-02-19 01:11:27.649
354|Lynch-Green|false|2020-02-19 09:55:35.923
534|Welch-Kovacek|false|2020-02-19 11:09:14.027
968|Bernhard-Wyman|false|2020-02-19 22:35:24.066
685|Kunde-Koch|false|2020-02-20 19:25:46.899
908|Rath Inc|false|2020-02-21 17:54:26.533
393|Bernier-Hill|false|2020-02-22 00:48:11.501
787|Streich-Trantow|false|2020-02-22 01:17:12.498
790|Hayes-Watsica|false|2020-02-22 11:40:00.884
663|Bosco LLC|false|2020-02-24 00:22:14.222
870|Durgan-Glover|false|2020-02-24 14:19:22.561
764|Hodkiewicz Group|false|2020-02-24 20:12:40.26
598|Bartoletti and Sons|false|2020-02-25 04:40:45.928
930|Sipes-Deckow|false|2020-02-25 08:51:03.296
678|Veum-Carroll|false|2020-02-25 17:16:44.276
700|Kutch and Sons|false|2020-02-26 02:39:18.915
821|Jakubowski-Mraz|false|2020-02-26 20:51:52.174
719|Hermiston-Simonis|false|2020-02-27 01:40:50.728
548|Kris LLC|false|2020-02-28 04:05:22.606
635|Koss-Haag|false|2020-02-28 23:32:15.768
602|Padberg-Schoen|false|2020-03-01 16:29:19.382
314|Schneider-Erdman|false|2020-03-05 06:09:54.584
64|Gerhold-Larson|false|2020-03-06 08:47:16.259
615|Pacocha-Renner|false|2020-03-07 13:25:26.523
961|Stamm-Walter|false|2020-03-08 00:23:43.685
705|Hirthe-Yost|false|2020-03-08 21:03:39.363
417|Reinger Group|false|2020-03-10 03:10:37.971
815|Steuber PLC|false|2020-03-10 20:39:49.103
23|Howe and Sons|false|2020-03-11 00:45:58.474
952|Heaney and Sons|false|2020-03-11 02:54:03.344
934|Waters Ltd|false|2020-03-11 08:52:02.771
796|Grimes-DuBuque|false|2020-03-11 16:02:39.674
568|Wilkinson-Frami|false|2020-03-11 20:49:49.671
178|Herzog Ltd|false|2020-03-14 13:10:11.139
991|Hoppe LLC|false|2020-03-14 20:58:45.502
353|Schulist-Pollich|false|2020-03-15 22:42:16.958
863|O'Hara Group|false|2020-03-16 06:07:36.054
1099511628134|Nikolaus-Feeney|false|2020-03-17 05:44:22.285
1099511628614|Wehner-Hand|false|2020-03-17 22:19:54.917
1099511628098|Breitenberg-Schaden|false|2020-03-18 04:16:10.855
1099511627870|Wisoky Inc|false|2020-03-18 07:48:50.044
1099511628516|McCullough-Kozey|false|2020-03-20 13:55:56.396
1099511628596|Kshlerin and Sons|false|2020-03-20 21:21:05.443
1099511627834|McCullough-Witting|false|2020-03-21 18:17:22.64
1099511628683|Bosco Inc|false|2020-03-21 19:17:33.78
1099511627918|Hilpert-Wyman|false|2020-03-22 06:22:35.235
1099511628468|Daniel-Dibbert|false|2020-03-22 10:46:31.05
1099511628292|Goyette-Mayer|false|2020-03-23 07:26:09.222
1099511628050|Ledner-Conroy|false|2020-03-24 23:54:49.952
1099511628236|Aufderhar-Collier|false|2020-03-25 16:47:52.297
1099511627947|Hodkiewicz-Medhurst|false|2020-03-28 09:04:52.471
1099511628733|Keeling-Swaniawski|false|2020-03-29 23:04:58.708
1099511628490|Schinner and Sons|false|2020-03-30 23:08:42.864
1099511628377|Lesch-Bartell|false|2020-03-31 22:14:12.464
1099511628330|Kutch-Bergstrom|false|2020-04-01 07:39:31.736
1099511627905|Jenkins-Macejkovic|false|2020-04-01 15:07:42.576
1099511627789|Howell Inc|false|2020-04-02 02:00:03.656
1099511627777|Kautzer-Stamm|false|2020-04-06 17:46:44.717
1099511628698|Russel LLC|false|2020-04-07 03:32:18.696
1099511628428|Koepp PLC|false|2020-04-09 03:57:08.472
1099511627995|Labadie-Witting|false|2020-04-09 19:39:30.098
1099511628219|Stamm-Kessler|false|2020-04-10 09:14:15.312
1099511628449|Miller-Hoeger|false|2020-04-15 21:55:43.41
1099511627889|Veum Inc|false|2020-04-15 22:00:14.67
1099511628070|Reichel LLC|false|2020-04-19 18:43:36.687
1099511627996|Gleichner Inc|false|2020-04-20 20:00:11.051
1099511628297|Reilly-Labadie|false|2020-04-22 07:31:15.905
1099511628562|Goyette-Reilly|false|2020-04-22 11:41:10.696
1099511627847|Murray-Hickle|false|2020-04-23 17:20:06.897
1099511627969|Jerde Ltd|false|2020-04-24 09:31:08.472
1099511628517|Kuphal Group|false|2020-04-24 17:29:06.108
1099511628521|Sporer-Mraz|false|2020-04-24 22:25:33.096
1099511628725|Feeney Group|false|2020-04-26 19:15:36.123
1099511628771|Schimmel-Zulauf|false|2020-04-28 19:33:24.117
1099511628720|Stiedemann-Terry|false|2020-04-30 12:08:23.116
1099511628601|Dooley-Wiza|false|2020-05-02 01:03:00.384
1099511628729|Wilderman-Glover|false|2020-05-03 04:22:23.531
1099511627856|Jaskolski Group|false|2020-05-04 00:00:09.389
1099511627835|Little Inc|false|2020-05-04 19:22:44.704
1099511628390|Huel-Lindgren|false|2020-05-05 16:28:09.491
1099511628312|Wyman-Schiller|false|2020-05-07 04:49:40.247
1099511628450|Ortiz-Emard|false|2020-05-08 05:52:06.262
1099511628148|Legros-Paucek|false|2020-05-08 15:56:53.344
1099511628603|Schamberger PLC|false|2020-05-08 23:05:37.629
1099511628633|O'Connell Ltd|false|2020-05-09 03:59:28.19
1099511628460|Bins-Herman|false|2020-05-09 06:09:17.495
1099511628000|Weimann-D'Amore|false|2020-05-09 19:56:22.394
1099511628372|Schoen-Bailey|false|2020-05-11 04:42:18.79
1099511628194|Runte and Sons|false|2020-05-12 19:33:06.563
1099511628274|Runolfsdottir PLC|false|2020-05-13 11:27:10.559
1099511627831|Denesik-Mohr|false|2020-05-14 06:53:22.786
1099511628749|Denesik Ltd|false|2020-05-15 03:18:24.215
1099511627887|Fadel-Schumm|false|2020-05-17 16:17:58.066
1099511628289|Ward PLC|false|2020-05-19 18:01:15.658
1099511627828|Pfeffer-Bradtke|false|2020-05-20 18:01:34.213
1099511628006|Herman-Bechtelar|false|2020-05-23 23:02:12.934
1099511627838|Homenick-Jacobi|false|2020-05-24 18:06:41.672
1099511628772|Lubowitz-Ankunding|false|2020-05-28 12:55:55.475
1099511627942|Wuckert Inc|false|2020-05-29 02:36:55.996
1099511628351|Auer-Bauch|false|2020-05-30 00:39:06.089
2199023255979|Marvin and Sons|false|2020-05-31 22:24:50.566
2199023256360|Ward and Sons|false|2020-06-01 17:46:51.726
2199023256481|Terry-Jerde|false|2020-06-01 19:30:14.139
2199023256018|Jones-Padberg|false|2020-06-02 11:11:13.163
2199023256132|Yundt-Lubowitz|false|2020-06-02 15:40:54.165
2199023256288|Casper Group|false|2020-06-04 08:21:26.202
2199023256282|Osinski LLC|false|2020-06-04 14:18:23.663
2199023256313|Hansen-Eichmann|false|2020-06-04 23:48:12.909
2199023255701|Schmidt-Schroeder|false|2020-06-05 22:47:41.511
2199023255780|Luettgen-McGlynn|false|2020-06-06 15:49:12.024
2199023256514|Bogisich and Sons|false|2020-06-07 17:03:06.852
2199023255950|Haley Ltd|false|2020-06-08 11:33:04.709
2199023256480|Gislason-Lynch|false|2020-06-09 01:45:58.507
2199023255940|Roob-Lowe|false|2020-06-09 16:04:07.471
2199023256435|Kutch Group|false|2020-06-10 03:27:18.423
2199023256395|Nolan PLC|false|2020-06-10 06:58:30.326
2199023255862|Hoppe and Sons|false|2020-06-10 11:13:00.851
2199023256181|D'Amore-Lakin|false|2020-06-10 12:17:37.233
2199023256529|Bergnaum-Hickle|false|2020-06-10 13:51:11.797
2199023256267|Beer-Rogahn|false|2020-06-11 10:01:13.799
2199023255759|Grady Inc|false|2020-06-12 11:22:24.072
2199023255833|Kerluke-Kilback|false|2020-06-13 22:21:46.931
2199023255737|Hilpert and Sons|false|2020-06-14 10:49:40.83
2199023255637|Tromp and Sons|false|2020-06-15 08:15:42.119
2199023256188|O'Keefe-Abshire|false|2020-06-16 07:19:46.17
2199023256254|Robel Inc|false|2020-06-20 23:15:30.774
2199023255687|Daugherty-Bode|false|2020-06-21 16:25:20.856
2199023256399|Littel-Kilback|false|2020-06-22 02:49:19.484
2199023255578|Dickens-Ward|false|2020-06-22 17:16:25.233
2199023255835|Becker-Schinner|false|2020-06-23 05:22:50.878
2199023255994|Mills LLC|false|2020-06-23 06:30:11.096
2199023255980|Gaylord-Langworth|false|2020-06-25 14:51:26.182
2199023255973|Leannon PLC|false|2020-06-26 06:15:59.295
2199023255811|Von-Pollich|false|2020-06-26 08:30:49.977
2199023256523|Walker-Goyette|false|2020-06-27 22:48:02.638
2199023255912|VonRueden LLC|false|2020-06-28 13:05:12.886
2199023256370|Kuvalis Group|false|2020-06-28 14:03:47.518
2199023256094|Boehm PLC|false|2020-07-03 01:58:13.436
2199023256175|Fay Group|false|2020-07-04 03:21:19.426
2199023256545|Gleason-Kub|false|2020-07-04 22:04:51.305
2199023255649|Vandervort-Ziemann|false|2020-07-05 02:15:39.777
2199023256189|Batz and Sons|false|2020-07-05 07:31:07.807
2199023255968|Cormier LLC|false|2020-07-07 12:55:35.241
2199023256093|Parisian Inc|false|2020-07-08 00:03:46.321
2199023256007|Schuppe-Steuber|false|2020-07-08 00:48:35.694
2199023255957|Hegmann-Gutmann|false|2020-07-11 23:38:57.825
2199023256163|Harber-Davis|false|2020-07-12 21:34:31.566
2199023255711|Gislason-Lynch|false|2020-07-13 07:44:29.399
2199023256433|Welch LLC|false|2020-07-13 19:20:52.958
2199023256206|White-Krajcik|false|2020-07-15 12:13:07.708
2199023256458|Haley Group|false|2020-07-16 01:16:22.886
2199023255948|Prohaska PLC|false|2020-07-16 09:30:32.998
2199023255889|Fisher Ltd|false|2020-07-17 21:12:37.348
2199023256289|Kerluke-Schimmel|false|2020-07-18 00:04:45.141
2199023256322|Jacobi-Glover|false|2020-07-18 18:42:31.422
2199023255720|Hyatt-Little|false|2020-07-19 02:34:49.156
2199023256009|Blick-Hessel|false|2020-07-19 08:29:05.992
2199023255588|Simonis and Sons|false|2020-07-20 07:48:01.492
2199023255954|Langworth and Sons|false|2020-07-20 23:01:00.793
2199023255702|Sporer Inc|false|2020-07-21 10:16:33.734
2199023256008|Zieme LLC|false|2020-07-22 04:05:04.491
2199023255944|Vandervort-Rowe|false|2020-07-23 02:37:07.682
2199023256393|Runolfsdottir Group|false|2020-07-23 13:53:24.84
2199023256281|Rodriguez-Hayes|false|2020-07-23 17:28:27.359
2199023255941|McKenzie-Predovic|false|2020-07-26 03:19:03.915
2199023256380|Murazik-Marvin|false|2020-07-27 03:49:36.128
2199023255710|Blanda PLC|false|2020-07-27 09:12:26.502
2199023256020|Rempel-Gulgowski|false|2020-07-27 13:52:42.484
2199023255777|Considine Ltd|false|2020-07-28 05:30:44.186
2199023256326|Feest Group|false|2020-07-29 02:26:19.268
2199023256122|Hammes-Rowe|false|2020-07-31 10:49:25.344
2199023256446|Lehner-Kutch|false|2020-07-31 17:46:27.292
2199023256070|Bednar-Mills|false|2020-08-01 13:44:05.688
2199023256265|Wehner LLC|false|2020-08-01 19:48:38.824
2199023255568|Denesik PLC|false|2020-08-02 10:52:53.296
2199023256506|O'Keefe PLC|false|2020-08-02 13:34:18.964
2199023255848|Rippin-Davis|false|2020-08-03 20:03:13.984
2199023256400|Labadie-Witting|false|2020-08-04 02:45:26.271
2199023256531|Wolf Ltd|false|2020-08-05 05:29:18.342
2199023255630|Stroman-Kerluke|false|2020-08-06 15:16:21.816
2199023255597|Marks-Becker|false|2020-08-07 06:19:03.313
2199023256541|Schowalter-Smitham|false|2020-08-07 10:32:11.848
2199023256084|Altenwerth Ltd|false|2020-08-08 03:09:19.396
2199023256023|Dibbert-Wilkinson|false|2020-08-08 07:48:13.948
2199023256300|Schinner Ltd|false|2020-08-08 17:06:04.59
2199023256419|Gutkowski-Rogahn|false|2020-08-08 20:10:02.794
2199023255836|Streich and Sons|false|2020-08-11 09:04:45.631
2199023256243|D'Amore-Mraz|false|2020-08-12 05:40:53.959
2199023256223|Moen LLC|false|2020-08-12 20:44:03.546
2199023256401|Hilpert-Wyman|false|2020-08-13 03:36:53.037
2199023255936|Schinner LLC|false|2020-08-13 08:00:07.48
2199023255724|Becker and Sons|false|2020-08-13 09:51:30.375
2199023255566|Sipes-King|false|2020-08-14 03:14:22.755
2199023256478|Kirlin Group|false|2020-08-14 14:18:26
2199023256327|Steuber-Lehner|false|2020-08-14 16:54:00.636
3298534883917|Gibson-Stehr|false|2020-08-16 11:23:23.019
3298534883678|Hills-Torphy|false|2020-08-18 15:43:07.426
3298534884206|Dicki LLC|false|2020-08-20 11:32:11.331
3298534884105|Blanda Group|false|2020-08-20 21:56:34.064
3298534883474|Stanton-Dooley|false|2020-08-21 11:26:02.752
3298534883722|Stroman Inc|false|2020-08-21 12:26:53.792
3298534883645|Skiles-Leuschke|false|2020-08-21 14:00:47.177
3298534883452|Klein LLC|false|2020-08-25 23:34:05.055
3298534883372|Upton Ltd|false|2020-08-29 00:41:51.849
3298534883537|Skiles-Purdy|false|2020-08-30 07:32:33.065
3298534883512|Huels-Ullrich|false|2020-08-30 16:47:53.3
3298534883699|Rutherford Ltd|false|2020-09-01 14:35:19.735
3298534883946|Lakin PLC|false|2020-09-01 20:35:03.306
3298534883629|Bode-Runolfsson|false|2020-09-03 04:42:40.594
3298534884056|Nolan Inc|false|2020-09-04 01:37:00.943
3298534883436|Ward-Stanton|false|2020-09-04 20:39:08.164
3298534884188|Streich-Cassin|false|2020-09-07 18:01:31.106
3298534884142|Lowe LLC|false|2020-09-08 12:38:58.523
3298534884216|Kessler PLC|false|2020-09-09 11:15:19.669
3298534883649|Barton-Langosh|false|2020-09-09 20:00:09.361
3298534883853|Kassulke-Toy|false|2020-09-12 11:27:41.762
3298534883976|O'Reilly-Collins|false|2020-09-12 15:04:05.424
3298534883429|Funk PLC|false|2020-09-12 23:21:36.163
3298534883628|Reilly-Labadie|false|2020-09-13 01:17:50.41
3298534884230|Littel and Sons|false|2020-09-13 03:28:22.064
3298534883821|Kris-Mraz|false|2020-09-13 04:21:00.804
3298534884108|Waelchi PLC|false|2020-09-13 17:06:57.063
3298534883835|Blick-Gibson|false|2020-09-14 05:14:52.276
3298534884097|Reinger-Langworth|false|2020-09-14 15:07:39.904
3298534883592|Stanton-Dooley|false|2020-09-17 15:07:09.019
3298534883369|Senger PLC|false|2020-09-17 16:04:49.283
3298534884130|Murazik LLC|false|2020-09-17 18:28:44.152
3298534883738|Eichmann-Bailey|false|2020-09-20 01:30:15.76
3298534883523|Rohan LLC|false|2020-09-20 07:30:23.141
3298534884125|Johnson-Brekke|false|2020-09-25 15:00:34.449
3298534884053|Bogisich-Daniel|false|2020-09-26 14:13:01.327
3298534884051|Champlin-Beier|false|2020-09-26 17:16:10.326
3298534883856|Kertzmann-Zboncak|false|2020-09-27 03:25:30.888
3298534883405|Cormier-Hartmann|false|2020-09-30 19:06:49.037
3298534883932|Gutmann-Kulas|false|2020-10-09 05:54:57.653
3298534883393|Morissette Inc|false|2020-10-09 14:06:30.204
3298534883614|Mills-West|false|2020-10-09 20:21:07.047
3298534883370|Abshire-Hermann|false|2020-10-10 19:48:40.609
3298534884005|Ziemann Inc|false|2020-10-11 02:51:25.174
3298534884170|Torphy-Kilback|false|2020-10-12 13:04:39.734
3298534883868|Wintheiser Ltd|false|2020-10-15 08:55:55.221
3298534883698|Crona-McLaughlin|false|2020-10-17 03:06:27.892
3298534883451|Dicki Group|false|2020-10-17 07:17:01.293
3298534883728|Kris-Mraz|false|2020-10-17 07:22:53.297
3298534883673|Hagenes-Nader|false|2020-10-17 08:27:08.195
3298534883990|Wisozk-Harris|false|2020-10-17 20:51:26.718
3298534883458|Weber-Bauch|false|2020-10-23 11:31:42.424
3298534883863|Hickle PLC|false|2020-10-23 12:11:29.144
3298534884085|Russel-Watsica|false|2020-10-23 15:05:03.378
3298534884120|Schumm and Sons|false|2020-10-25 16:48:44.961
3298534883750|West Ltd|false|2020-10-25 21:47:48.821
3298534883597|Little-Bergstrom|false|2020-10-26 12:44:45.981
3298534883658|Parker-Abshire|false|2020-10-27 09:24:50.919
3298534883391|Dibbert-Schimmel|false|2020-10-28 05:22:04.187
4398046511456|Satterfield-Lueilwitz|false|2020-10-30 16:20:29.895
4398046511241|Boyle-Quigley|false|2020-10-31 01:05:02.47
4398046511219|Schmeler and Sons|false|2020-11-01 07:18:54.865
4398046511249|Nolan-Ziemann|false|2020-11-01 11:58:43.674
4398046512060|Konopelski-Rippin|false|2020-11-03 16:42:11.559
4398046511515|Abernathy PLC|false|2020-11-04 16:30:49.576
4398046511482|Ernser-Buckridge|false|2020-11-05 17:32:13.989
4398046511309|Stroman-Swift|false|2020-11-07 08:46:30.722
4398046511714|Moore Inc|false|2020-11-07 16:10:33.033
4398046511337|Yundt Group|false|2020-11-10 07:23:36.493
4398046511604|Ortiz-Morar|false|2020-11-10 11:10:34.741
4398046511451|Grady-Reichert|false|2020-11-13 14:48:46.034
4398046511856|Anderson PLC|false|2020-11-13 22:31:59.163
4398046511155|Heaney-Gusikowski|false|2020-11-14 00:34:17.812
4398046511928|Mohr LLC|false|2020-11-14 22:54:29.618
4398046511210|McKenzie and Sons|false|2020-11-15 03:57:29.287
4398046511208|Hyatt-Wisoky|false|2020-11-15 11:59:52.956
4398046512096|Schaden LLC|false|2020-11-17 03:42:02.611
4398046511113|Bednar-Mills|false|2020-11-17 14:20:15.531
4398046511883|Block LLC|false|2020-11-18 13:59:50.423
4398046511803|Bernhard-Hackett|false|2020-11-23 20:31:53.211
4398046511537|Kemmer Group|false|2020-11-25 01:12:18.036
4398046511142|Green-Schulist|false|2020-11-25 15:42:22.634
4398046511594|Romaguera-Schulist|false|2020-11-27 00:19:06.599
4398046511680|Yost-Cummerata|false|2020-11-28 02:35:37.529
4398046511723|Jakubowski-Dickinson|false|2020-11-29 06:49:28.303
4398046511910|Bergstrom-Schowalter|false|2020-11-30 02:38:33.405
4398046511673|Lesch-Hartmann|false|2020-12-01 09:32:32.862
4398046511935|Jast-VonRueden|false|2020-12-03 21:46:52.405
4398046511164|Rutherford Ltd|false|2020-12-05 13:01:48.748
4398046511371|Kihn and Sons|false|2020-12-08 23:11:48.815
4398046511914|Kub-Walter|false|2020-12-09 06:03:23.259
4398046511122|Murphy PLC|false|2020-12-14 04:38:49.446
4398046511433|Walker Ltd|false|2020-12-14 11:33:18.766
4398046511115|Luettgen-Ortiz|false|2020-12-16 14:37:31.634
4398046511975|Powlowski LLC|false|2020-12-17 20:38:00.426
4398046511480|Schiller-Gislason|false|2020-12-17 21:42:50.594
4398046511157|Nader PLC|false|2020-12-18 05:36:39.269
4398046511711|Auer-Leuschke|false|2020-12-18 20:33:27.496
4398046511285|O'Keefe-Hahn|false|2020-12-22 06:46:11.096
4398046511125|Renner-Reichert|false|2020-12-22 13:20:05.718
4398046511183|Zulauf LLC|false|2020-12-27 10:22:59.444
4398046511754|Kerluke-Kilback|false|2020-12-28 12:15:20.624
4398046511399|Stark Group|false|2020-12-28 14:02:11.464
4398046511933|Fay Group|false|2020-12-29 11:21:07.973
4398046511111|Zemlak and Sons|false|2020-12-30 05:19:49.147
4398046511436|Emmerich-Schuppe|false|2020-12-30 23:57:22.003
4398046512027|Mayert PLC|false|2020-12-31 08:58:06.704
4398046511192|McLaughlin-O'Kon|false|2021-01-04 14:47:46.647
4398046512014|Doyle-Kshlerin|false|2021-01-05 15:09:11.797
4398046511556|Pacocha-Nikolaus|false|2021-01-06 07:23:34.082
4398046512073|Hessel Ltd|false|2021-01-07 06:00:51.839
4398046511194|Okuneva Group|false|2021-01-08 14:56:45.956
4398046511808|Denesik-Haag|false|2021-01-09 01:52:36.33
4398046511495|Jerde Group|false|2021-01-09 21:19:17.464
4398046511137|Ebert LLC|false|2021-01-11 19:37:11.812
5497558139349|McCullough-Witting|false|2021-01-13 13:23:22.172
5497558139546|Altenwerth-Littel|false|2021-01-14 19:33:04.546
5497558138886|Parker-Willms|false|2021-01-14 20:27:45.778
5497558139629|Moore-McKenzie|false|2021-01-16 19:55:00.797
5497558138926|Veum Ltd|false|2021-01-17 17:30:18.295
5497558139265|Goodwin PLC|false|2021-01-20 22:19:33.556
5497558139002|Lehner Inc|false|2021-01-22 06:35:27.885
5497558139261|Koelpin-Botsford|false|2021-01-23 06:58:52.152
5497558139123|Stiedemann-Rempel|false|2021-01-26 15:50:45.487
5497558139103|Morar Inc|false|2021-01-28 15:17:28.175
5497558139019|Willms-Hill|false|2021-01-28 15:38:35.832
5497558139226|McLaughlin LLC|false|2021-01-28 15:58:31.917
5497558139361|Jerde LLC|false|2021-01-29 19:03:39.551
5497558139281|Kihn Ltd|false|2021-01-30 20:12:25.832
5497558139096|Huels-Hoppe|false|2021-01-31 03:19:33.864
5497558139179|Ryan Inc|false|2021-02-03 09:27:07.934
5497558139568|Hahn-Gottlieb|false|2021-02-04 06:25:05.569
5497558139458|Corwin-Mueller|false|2021-02-05 15:45:25.388
5497558139732|Simonis-Stark|false|2021-02-05 21:45:56.672
5497558139755|Barton PLC|false|2021-02-06 01:36:44.313
5497558139540|Beatty PLC|false|2021-02-07 03:25:30.6
5497558139752|Boyer-Morissette|false|2021-02-07 18:41:38.907
5497558139205|Dickinson-Wunsch|false|2021-02-08 22:26:23.23
5497558139730|Pagac Ltd|false|2021-02-09 02:30:37.638
5497558139769|Cole-Bahringer|false|2021-02-09 02:48:28.626
5497558139446|Braun-Cassin|false|2021-02-11 02:54:13.27
5497558139645|Barrows and Sons|false|2021-02-11 07:39:18.385
5497558139356|Macejkovic Inc|false|2021-02-11 20:36:49.339
5497558139404|Walker-Kunze|false|2021-02-11 20:44:41.398
5497558139679|Nader-McClure|false|2021-02-12 01:05:17.871
5497558139028|Roberts-Walker|false|2021-02-12 15:51:55.012
5497558139550|Hamill and Sons|false|2021-02-12 21:26:05.315
5497558139716|Bogisich-Schneider|false|2021-02-13 15:39:50.088
5497558139136|Bahringer-Windler|false|2021-02-13 23:05:13.13
5497558139219|Dooley-Hayes|false|2021-02-15 19:30:35.988
5497558139374|Wiegand-Goyette|false|2021-02-15 22:15:15.298
5497558138885|Kulas Ltd|false|2021-02-17 04:19:34.113
5497558139567|Lind-King|false|2021-02-18 11:50:42.713
5497558139640|Luettgen-O'Kon|false|2021-02-18 13:38:00.253
5497558139725|Nader-Bogisich|false|2021-02-20 01:47:16.093
5497558139600|Reichel-Wisozk|false|2021-02-20 04:01:07.482
5497558138969|Stroman and Sons|false|2021-02-20 12:13:05.249
5497558139133|Moen-Paucek|false|2021-02-20 15:52:12.17
5497558139397|Durgan PLC|false|2021-02-21 03:34:37.284
5497558139109|Gleichner-Legros|false|2021-02-22 02:17:20.296
5497558139031|Wintheiser-Champlin|false|2021-02-25 16:58:05.987
5497558139741|West-Ondricka|false|2021-02-25 23:18:26.568
5497558138890|Parker Ltd|false|2021-02-26 08:57:32.712
5497558138895|Parker Group|false|2021-02-28 09:04:01.284
5497558139756|Lockman-Maggio|false|2021-03-02 04:05:46.792
5497558139129|Berge-Maggio|false|2021-03-02 10:46:31.581
5497558139381|Champlin-Upton|false|2021-03-02 13:01:08.33
5497558139604|Hahn-Smith|false|2021-03-05 05:41:23.676
5497558139731|Lakin-Brown|false|2021-03-11 16:14:07.687
5497558139646|Thompson-Franecki|false|2021-03-11 22:54:02.508
5497558139243|Steuber Inc|false|2021-03-13 12:32:51.926
5497558139648|McLaughlin-Wiza|false|2021-03-14 15:58:48.844
5497558138929|Walker LLC|false|2021-03-15 09:30:33.829
5497558139861|West-Bernier|false|2021-03-18 00:32:12.573
5497558139444|Herman Group|false|2021-03-23 13:20:09.365
5497558139784|Kris-Kiehn|false|2021-03-24 18:43:33.016
5497558139120|Goodwin-Russel|false|2021-03-24 19:33:45.172
5497558139345|Boyer PLC|false|2021-03-24 20:41:53.873
5497558139067|Hahn Ltd|false|2021-03-25 08:17:50.039
5497558139399|Predovic Ltd|false|2021-03-26 01:07:59.417
5497558139102|Sawayn PLC|false|2021-03-26 02:16:13.777
5497558139284|Ferry-D'Amore|false|2021-03-26 19:27:34.455
5497558139186|Thiel-Wehner|false|2021-03-28 15:00:13.03
6597069767130|Gulgowski and Sons|false|2021-03-29 23:19:03.461
6597069766747|Ebert-Paucek|false|2021-03-30 08:09:19.264
6597069767119|Larson-Goldner|false|2021-04-01 08:32:51.911
6597069767366|Rutherford and Sons|false|2021-04-01 20:18:42.194
6597069767595|Raynor-Deckow|false|2021-04-04 04:05:25.918
6597069766898|Williamson-Jast|false|2021-04-05 11:24:38.154
6597069766681|Toy-Parisian|false|2021-04-05 14:14:22.279
6597069767228|Kilback-Considine|false|2021-04-06 13:38:07.633
6597069767500|Mann PLC|false|2021-04-08 11:44:50.362
6597069767368|Bins-Quitzon|false|2021-04-08 15:15:15.474
6597069766850|Cremin Group|false|2021-04-09 02:02:53.093
6597069767288|Hirthe-Bogisich|false|2021-04-09 07:40:50.78
6597069766906|Johnston and Sons|false|2021-04-15 21:54:46.27
6597069766832|Jenkins-Haley|false|2021-04-16 12:41:32.608
6597069767402|Ziemann Ltd|false|2021-04-18 04:01:17.742
6597069767357|Wehner-Reilly|false|2021-04-18 11:54:57.095
6597069766847|Maggio LLC|false|2021-04-19 22:15:16.952
6597069767597|Okuneva-Prohaska|false|2021-04-20 17:19:21.22
6597069766755|Little-Monahan|false|2021-04-22 23:36:05.245
6597069767042|Mayert-Purdy|false|2021-04-24 17:16:08.909
6597069766916|Monahan PLC|false|2021-04-24 23:33:02.659
6597069767215|Auer-Klein|false|2021-04-25 14:20:10.867
6597069767546|Stanton and Sons|false|2021-04-26 13:39:45.764
6597069767068|Fadel-O'Conner|false|2021-04-26 18:11:17.583
6597069766871|Renner-Sawayn|false|2021-04-26 23:56:04.499
6597069767388|Rempel-Gulgowski|false|2021-04-27 00:07:26.079
6597069767212|Wilkinson-Rowe|false|2021-04-27 14:04:11.614
6597069767621|Tremblay-Stanton|false|2021-04-29 15:11:19.661
6597069767062|Romaguera-Schulist|false|2021-04-30 22:34:18.13
6597069767095|Emmerich Ltd|false|2021-05-01 00:28:35.497
6597069767004|Jacobi-Feil|false|2021-05-01 01:06:50.053
6597069766819|Moore-McKenzie|false|2021-05-02 01:50:54.532
6597069767280|Hessel Ltd|false|2021-05-02 07:37:38.982
6597069767328|Denesik Inc|false|2021-05-04 07:20:54.815
6597069766933|Marvin-Bins|false|2021-05-05 01:06:47.901
6597069767592|Marvin and Sons|false|2021-05-07 09:07:41.314
6597069766845|Crist Group|false|2021-05-08 06:19:47.743
6597069767428|Gleichner Group|false|2021-05-08 18:10:10.787
6597069766864|Bailey-Stehr|false|2021-05-09 15:42:08.779
6597069766947|Swaniawski-Hills|false|2021-05-12 00:02:29.974
6597069766890|Casper-VonRueden|false|2021-05-12 04:22:40.595
6597069767495|Hills-Wiegand|false|2021-05-13 04:41:19.223
6597069767650|Carroll-Cremin|false|2021-05-13 10:05:36.642
6597069767179|Krajcik-Grady|false|2021-05-15 17:22:53.618
6597069766723|Wilderman Inc|false|2021-05-15 20:48:22.71
6597069766960|Rowe-Murazik|false|2021-05-16 03:09:30.309
6597069767317|Schumm Inc|false|2021-05-18 02:44:55.091
6597069767511|Ondricka and Sons|false|2021-05-19 03:53:01.555
6597069767509|Gottlieb-Kling|false|2021-05-19 20:14:15.206
6597069767129|Rutherford-Bergnaum|false|2021-05-20 01:41:41.29
6597069766788|Wiza Group|false|2021-05-21 13:37:38.131
6597069766919|Jacobi Group|false|2021-05-22 19:06:59.873
6597069767101|Howe-Krajcik|false|2021-05-22 22:11:43.78
6597069767342|Kuhlman PLC|false|2021-05-23 08:03:47.707
6597069767244|Williamson-Jakubowski|false|2021-05-24 17:00:07.744
6597069767437|Leuschke-Jacobi|false|2021-05-26 22:40:31.852
6597069766929|Emmerich-Hettinger|false|2021-05-31 15:09:01.268
6597069766902|Koelpin PLC|false|2021-06-01 20:02:19.76
6597069766983|McClure-Lynch|false|2021-06-02 03:42:01.755
6597069766809|Doyle-O'Conner|false|2021-06-05 14:02:57.334
6597069767264|Schroeder-Jones|false|2021-06-06 15:35:01.215
6597069767246|Littel-Runte|false|2021-06-06 16:25:57.2
6597069767571|Effertz-Auer|false|2021-06-08 05:41:26.36
6597069767490|Wiegand LLC|false|2021-06-08 05:54:52.895
6597069766826|Pagac and Sons|false|2021-06-09 09:00:54.458
6597069767070|Kerluke-Lebsack|false|2021-06-09 09:33:20.771
6597069767152|Howe-Powlowski|false|2021-06-09 10:13:50.549
6597069767247|Moore-Walker|false|2021-06-09 23:56:52.937
6597069767418|Reinger-Weber|false|2021-06-10 09:48:30.323
6597069767075|Reilly PLC|false|2021-06-13 05:42:38.987
7696581395058|Streich-Cassin|false|2021-06-14 01:34:46.065
7696581395186|Eichmann PLC|false|2021-06-14 15:18:32.754
7696581394999|Sporer-Hill|false|2021-06-14 21:18:06.112
7696581395075|Marks-Stoltenberg|false|2021-06-16 01:29:35.648
7696581394894|Conroy LLC|false|2021-06-16 15:27:18.31
7696581394819|Russel-Pollich|false|2021-06-17 08:17:50.668
7696581395290|Fadel-Senger|false|2021-06-18 04:16:34.576
7696581395378|Mitchell Group|false|2021-06-18 16:51:59.829
7696581394670|Breitenberg-Wuckert|false|2021-06-19 03:05:01.61
7696581394946|Stokes-Huels|false|2021-06-20 18:29:06.418
7696581395076|Hartmann-Lakin|false|2021-06-23 21:35:34.999
7696581395107|Pacocha-Nikolaus|false|2021-06-24 07:20:28.336
7696581395045|Jacobson-Yost|false|2021-06-25 22:29:10.03
7696581394775|O'Keefe LLC|false|2021-06-29 02:33:20.812
7696581395059|Howell Group|false|2021-06-29 10:17:23.856
7696581394479|Hansen and Sons|false|2021-06-30 23:36:35.727
7696581394572|Murray-Satterfield|false|2021-07-04 09:27:05.088
7696581394909|Torphy-Flatley|false|2021-07-04 14:03:01.493
7696581395365|O'Reilly Ltd|false|2021-07-04 14:32:48.911
7696581394807|Klein LLC|false|2021-07-05 12:51:06.566
7696581394664|Haag-Monahan|false|2021-07-05 14:48:04.617
7696581394454|Wilkinson-Mraz|false|2021-07-07 00:01:58.921
7696581395159|Keebler-Schmitt|false|2021-07-08 08:13:24.589
7696581395091|Fadel-Howe|false|2021-07-08 14:52:10.893
7696581395350|Doyle LLC|false|2021-07-12 02:15:11.045
7696581394829|Bednar Group|false|2021-07-14 14:46:10.927
7696581395417|Feeney-Stehr|false|2021-07-14 19:33:28.098
7696581394748|Labadie-Tremblay|false|2021-07-15 04:15:58.719
7696581394534|Boyer-Luettgen|false|2021-07-15 05:04:40.337
7696581394541|Rowe-Jacobson|false|2021-07-16 21:02:25.919
7696581394436|Lesch-Hartmann|false|2021-07-18 01:43:53.308
7696581394711|Moore-Walker|false|2021-07-19 05:27:15.003
7696581394653|Smitham-Champlin|false|2021-07-19 06:48:43.894
7696581395139|Harris-Stark|false|2021-07-19 11:52:56
7696581395367|Runolfsson-Altenwerth|false|2021-07-23 06:02:18.65
7696581395018|Bernier-Hill|false|2021-07-25 08:23:17.507
7696581395071|Wiza-Thiel|false|2021-07-28 11:56:04.017
7696581394539|Blick Inc|false|2021-07-30 00:50:21.289
7696581394560|Bernier-Koepp|false|2021-07-30 13:32:27.303
7696581394631|Keebler-Becker|false|2021-07-30 22:52:35.41
7696581395235|Roberts PLC|false|2021-07-31 05:42:07.265
7696581395337|Bogisich-Schneider|false|2021-07-31 06:31:02.863
7696581395237|Metz Group|false|2021-08-02 03:27:32.983
7696581394549|Stamm-Terry|false|2021-08-03 20:58:42.909
7696581395029|Stanton-Schuppe|false|2021-08-04 18:46:22.883
7696581395264|Weissnat LLC|false|2021-08-06 21:54:49.954
7696581394694|Okuneva-Kerluke|false|2021-08-09 06:43:12.077
7696581395052|Windler Group|false|2021-08-09 13:43:16.189
7696581394936|Kessler Ltd|false|2021-08-09 20:42:31.04
7696581395352|Hartmann-Jakubowski|false|2021-08-10 00:58:13.275
7696581394552|Hills-Torphy|false|2021-08-10 04:05:17.019
7696581394467|Nitzsche-Nikolaus|false|2021-08-11 16:24:03.703
7696581394622|Breitenberg-Block|false|2021-08-16 11:54:46.765
7696581394469|Jast-Cassin|false|2021-08-16 14:55:39.576
7696581394815|O'Hara Inc|false|2021-08-17 00:06:06.386
7696581395035|Green Inc|false|2021-08-17 06:00:59.47
7696581394856|Cummerata-Veum|false|2021-08-17 18:00:23.091
7696581394869|Prohaska-Koss|false|2021-08-18 01:19:02.661
7696581394565|Dach Inc|false|2021-08-18 17:14:47.765
7696581395140|Kerluke Ltd|false|2021-08-21 10:36:50.611
7696581394963|Schmeler-Robel|false|2021-08-23 08:58:57.586
7696581394899|Blanda-Crist|false|2021-08-23 20:10:35.896
7696581394831|Hagenes Inc|false|2021-08-23 22:00:54.135
8796093022466|Kuphal LLC|false|2021-08-28 13:27:39.227
8796093022313|O'Hara Inc|false|2021-08-29 18:23:21.882
8796093023067|Kulas-Fadel|false|2021-08-31 11:31:20.573
8796093022757|Hane Group|false|2021-08-31 20:13:58.844
8796093023088|Ratke-Littel|false|2021-09-01 03:09:23.979
8796093022227|Becker Inc|false|2021-09-04 20:08:00.725
8796093022528|Hartmann Group|false|2021-09-05 07:40:16.696
8796093022615|Doyle and Sons|false|2021-09-05 19:54:19.571
8796093022839|Harber Group|false|2021-09-08 03:09:11.035
8796093022248|Abshire-Kirlin|false|2021-09-08 17:00:54.369
8796093022789|Hayes-Okuneva|false|2021-09-09 23:02:34.442
8796093022581|Wiegand-Weissnat|false|2021-09-10 08:08:06.277
8796093022240|Smith-Powlowski|false|2021-09-10 20:58:39.687
8796093022546|Beier PLC|false|2021-09-13 21:27:32.03
8796093022242|Conn-Crist|false|2021-09-16 02:27:42.277
8796093022294|Kovacek-Rutherford|false|2021-09-16 17:07:57.2
8796093022370|Jerde-Bahringer|false|2021-09-17 20:01:00.382
8796093022516|Swaniawski Inc|false|2021-09-18 05:30:33.735
8796093022934|Larkin LLC|false|2021-09-18 06:16:12.16
8796093022825|Bednar Group|false|2021-09-20 13:30:02.537
8796093022890|Schiller-Schmeler|false|2021-09-21 18:47:29.819
8796093022381|Streich PLC|false|2021-09-21 20:25:22.622
8796093022211|Emard-Runte|false|2021-09-22 13:12:53.337
8796093022652|Parker-Gaylord|false|2021-09-23 08:53:55.044
8796093022700|Mueller-Dicki|false|2021-09-23 17:12:17.081
8796093023099|Rice-Anderson|false|2021-09-25 09:26:51.04
8796093022642|Raynor-Bradtke|false|2021-09-25 19:40:33.694
8796093022235|Hand-O'Keefe|false|2021-09-26 06:18:47.096
8796093022964|Hilpert-Stamm|false|2021-09-29 20:18:26.631
8796093022598|Dietrich-Sawayn|false|2021-09-30 05:04:56.226
8796093022833|Gerhold PLC|false|2021-10-02 07:19:02.557
8796093022841|Nicolas-Harvey|false|2021-10-03 00:47:06.356
8796093023198|Wuckert Group|false|2021-10-03 01:09:54.654
8796093023107|Kunde LLC|false|2021-10-03 02:11:34.945
8796093022639|Huels Ltd|false|2021-10-03 04:36:25.595
8796093022897|Lebsack PLC|false|2021-10-04 04:46:06.93
8796093023178|Hermiston Ltd|false|2021-10-06 02:47:35.591
8796093022510|Glover-Borer|false|2021-10-06 08:27:57.499
8796093022759|D'Amore-Lebsack|false|2021-10-06 19:13:15.834
8796093022564|Jenkins-Turner|false|2021-10-07 19:26:04.513
8796093023073|Kunze-Kunze|false|2021-10-08 09:07:14.252
8796093022952|Kling-Swift|false|2021-10-10 11:26:25.852
8796093022284|Hermann-Dach|false|2021-10-10 14:13:58.542
8796093023206|Spencer-McClure|false|2021-10-11 09:00:34.014
8796093022808|Mertz-Bogisich|false|2021-10-11 18:01:58.529
8796093022577|Cummerata-Herzog|false|2021-10-12 15:16:10.32
8796093023041|Stamm and Sons|false|2021-10-12 16:56:43.536
8796093022889|Rice-Fadel|false|2021-10-13 15:09:01.207
8796093022473|Gottlieb-Bahringer|false|2021-10-13 21:08:47.042
8796093022228|Grady and Sons|false|2021-10-15 08:13:28.734
8796093022924|Nienow Ltd|false|2021-10-17 12:42:31.34
8796093022480|Breitenberg-Powlowski|false|2021-10-19 08:02:25.981
8796093022534|Hahn-Bartoletti|false|2021-10-19 09:51:03.232
8796093022519|Witting Inc|false|2021-10-20 03:02:46.695
8796093022419|Dietrich and Sons|false|2021-10-20 04:02:56.637
8796093022588|Daniel-Schaden|false|2021-10-21 22:48:41.553
8796093022649|Beier LLC|false|2021-10-23 01:35:51.681
8796093022320|Schmitt-Blick|false|2021-10-24 18:18:41.551
8796093022572|Tillman PLC|false|2021-10-25 22:29:24.564
8796093022532|Bahringer-Beer|false|2021-10-26 17:57:43.296
8796093022926|Hilpert Ltd|false|2021-10-27 18:22:27.091
8796093022439|Block-Jerde|false|2021-10-30 01:03:44.019
8796093022770|Blanda Group|false|2021-10-30 01:58:36.467
8796093022277|Hill PLC|false|2021-10-30 18:35:45.929
8796093022662|Larson Ltd|false|2021-11-01 07:13:07.861
8796093022339|Grimes-McDermott|false|2021-11-02 13:22:51.067
8796093022735|Donnelly-Bergnaum|false|2021-11-03 02:13:11.134
8796093022787|Boehm-Kemmer|false|2021-11-08 08:37:16.093
8796093023119|Schimmel-Friesen|false|2021-11-08 19:38:14.809
8796093022276|Gutmann-Swaniawski|false|2021-11-09 22:58:23.852
9895604650141|Luettgen-Stokes|false|2021-11-14 22:20:56.662
9895604650877|O'Reilly-Dicki|false|2021-11-19 06:49:22.759
9895604650341|Carter LLC|false|2021-11-21 01:01:13
9895604650630|Gutkowski-Klein|false|2021-11-21 03:08:15.787
9895604650272|Romaguera-Pollich|false|2021-11-23 04:07:55.237
9895604650034|Swaniawski-Hills|false|2021-11-27 20:04:18.182
9895604650281|Shanahan LLC|false|2021-11-28 14:49:58.959
9895604650059|Anderson PLC|false|2021-12-02 11:36:41.263
9895604650238|Luettgen and Sons|false|2021-12-02 21:31:29.124
9895604650475|Runolfsdottir-Roberts|false|2021-12-04 13:48:51.277
9895604650705|DuBuque-Roob|false|2021-12-06 05:21:35.525
9895604650639|Fisher-Schroeder|false|2021-12-07 03:32:16.414
9895604650513|Doyle-Rowe|false|2021-12-09 03:18:56.766
9895604650905|Paucek-Russel|false|2021-12-10 10:01:01.413
9895604650393|Gutmann-Rowe|false|2021-12-12 17:36:30.044
9895604650821|Mueller-Hahn|false|2021-12-12 23:05:24.454
9895604650324|Cartwright-Oberbrunner|false|2021-12-13 11:57:45.833
9895604650677|Howell-Nienow|false|2021-12-15 05:08:54.189
9895604650231|King-Homenick|false|2021-12-16 12:19:32.45
9895604650755|Renner-Sawayn|false|2021-12-17 03:12:41.466
9895604650852|Harris-Lubowitz|false|2021-12-20 09:40:23.826
9895604650471|Stark-Heathcote|false|2021-12-23 13:26:01.91
9895604650420|Willms Group|false|2021-12-24 08:01:18.816
9895604650066|Smith PLC|false|2021-12-26 10:15:59.245
9895604650459|Haley LLC|false|2021-12-27 06:03:25.348
9895604650008|Wyman-Strosin|false|2021-12-28 18:07:23.626
9895604650271|Marks-Lindgren|false|2021-12-29 21:15:50.384
9895604650495|Dibbert and Sons|false|2021-12-31 09:22:03.111
9895604650903|Keeling-Boyle|false|2022-01-01 07:34:24.516
9895604650739|Smitham and Sons|false|2022-01-01 15:30:27.585
9895604650015|Goyette-Moen|false|2022-01-02 05:43:20.463
9895604650547|Little-Quigley|false|2022-01-02 08:09:46.796
9895604650339|Ritchie-Hagenes|false|2022-01-02 09:40:10.966
9895604650105|Muller-Nader|false|2022-01-02 20:46:07.746
9895604650824|Torp-Brown|false|2022-01-03 02:44:25.554
9895604650082|Gislason-Hodkiewicz|false|2022-01-04 06:42:24.616
9895604650186|Leannon-Keeling|false|2022-01-05 11:25:14.479
9895604650734|McCullough-Mayert|false|2022-01-08 08:55:03.664
9895604650151|Brown-Reilly|false|2022-01-09 22:45:36.78
9895604650966|Bogisich-McLaughlin|false|2022-01-10 15:46:53.107
9895604650136|Ward-Romaguera|false|2022-01-13 15:19:06.657
9895604650934|Little-Quigley|false|2022-01-14 06:02:05.844
9895604650504|DuBuque-Hoeger|false|2022-01-14 07:45:35.247
9895604650366|Hill-Rolfson|false|2022-01-14 20:27:38.688
9895604650255|Anderson-Tromp|false|2022-01-14 23:07:43.84
9895604650901|Ritchie-Satterfield|false|2022-01-15 02:42:55.633
9895604650419|Boyer-Homenick|false|2022-01-15 09:19:43.112
9895604650159|Lowe-Gleason|false|2022-01-18 05:18:17.354
9895604650735|Paucek-Krajcik|false|2022-01-18 06:11:28.844
9895604650629|Hickle-Hand|false|2022-01-18 12:02:15.407
9895604650555|Mueller LLC|false|2022-01-19 10:13:50.936
9895604650315|Skiles-Rutherford|false|2022-01-19 22:40:24.604
9895604650881|Rempel-Crona|false|2022-01-20 09:30:41.114
9895604650557|Mosciski-Hamill|false|2022-01-20 11:02:42.268
9895604650773|McGlynn-Ryan|false|2022-01-20 17:58:03.366
9895604650915|Schinner-Rau|false|2022-01-22 16:20:21.18
9895604650302|Auer-Abshire|false|2022-01-23 09:02:55.926
9895604650737|O'Conner PLC|false|2022-01-23 20:16:04.615
9895604650410|Nader-Gislason|false|2022-01-24 10:54:35.719
9895604650262|Fritsch-Mitchell|false|2022-01-25 09:48:55.468
10995116277956|Konopelski LLC|false|2022-01-26 15:17:32.935
10995116277960|Lueilwitz-Stehr|false|2022-01-27 03:22:33.625
10995116278012|McClure-Mills|false|2022-01-27 10:48:57.348
10995116278493|Wolff-Kutch|false|2022-01-27 13:18:09.629
10995116278317|Gislason-Gottlieb|false|2022-01-28 15:21:06.193
10995116278418|Rippin-Sporer|false|2022-01-29 00:15:12.209
10995116278697|Smitham-Oberbrunner|false|2022-01-29 06:54:49.973
10995116277957|Bartoletti Inc|false|2022-01-29 08:35:54.683
10995116278455|Spencer-Boyle|false|2022-01-30 16:07:31.234
10995116278307|Goldner-Herman|false|2022-01-31 01:46:31.177
10995116277939|Metz-Zieme|false|2022-01-31 03:22:52.245
10995116278450|Bernier-Goldner|false|2022-01-31 13:23:03.829
10995116278345|Heaney and Sons|false|2022-02-01 02:09:16.401
10995116278705|Schroeder-Jones|false|2022-02-01 14:35:04.18
10995116277790|Kulas-Goodwin|false|2022-02-02 21:39:30.707
10995116278286|Nikolaus PLC|false|2022-02-04 08:31:59.141
10995116278134|Corkery Ltd|false|2022-02-04 10:37:56.457
10995116278200|Skiles-Rutherford|false|2022-02-05 05:22:01.268
10995116278645|Quigley Group|false|2022-02-05 21:42:09.278
10995116277925|Mertz and Sons|false|2022-02-07 02:57:55.331
10995116278646|Kutch Ltd|false|2022-02-09 04:54:13.857
10995116277986|Heaney-Beier|false|2022-02-09 17:42:15.202
10995116278290|Hickle-Hessel|false|2022-02-09 18:21:40.986
10995116278053|McCullough PLC|false|2022-02-12 22:49:32.239
10995116278366|Sawayn LLC|false|2022-02-16 09:30:27.361
10995116278726|Aufderhar-Kozey|false|2022-02-17 14:00:38.866
10995116278569|Gulgowski-Johnson|false|2022-02-20 10:27:20.146
10995116278582|Effertz-Kutch|false|2022-02-22 18:44:29.263
10995116278168|Nicolas LLC|false|2022-02-25 02:27:57.872
10995116278185|Rau-Gerhold|false|2022-02-26 07:53:01.765
10995116278069|Lindgren-Prosacco|false|2022-02-28 18:57:12.212
10995116278299|Simonis-Brown|false|2022-03-02 12:01:32.077
10995116278137|Strosin-Harber|false|2022-03-02 20:22:12.059
10995116278518|Luettgen-Stokes|false|2022-03-03 10:07:41.952
10995116278724|Gulgowski LLC|false|2022-03-03 13:59:24.758
10995116278242|Roberts and Sons|false|2022-03-04 07:44:04.765
10995116277768|Lynch Ltd|false|2022-03-05 07:22:49.263
10995116277847|Gleichner Ltd|false|2022-03-05 21:09:51.318
10995116278109|Kerluke PLC|false|2022-03-08 17:18:35.177
10995116278026|Crona Inc|false|2022-03-09 01:59:21.832
10995116278390|O'Hara-Becker|false|2022-03-09 05:42:33.495
10995116277977|O'Hara Group|false|2022-03-10 20:18:01.288
10995116278128|Okuneva Group|false|2022-03-11 11:49:11.712
10995116278732|Crona-Sipes|false|2022-03-11 17:37:55.196
10995116278119|Funk-Gutmann|false|2022-03-12 04:33:32.943
10995116278436|Ebert Inc|false|2022-03-13 04:40:48.465
10995116278647|Schmitt-Howell|false|2022-03-17 16:07:33.599
10995116277886|Wehner LLC|false|2022-03-18 00:09:18.438
10995116277874|Schiller-Schmeler|false|2022-03-19 03:54:51.408
10995116278685|Breitenberg-Schaden|false|2022-03-19 13:51:41.551
10995116278206|Douglas Ltd|false|2022-03-20 05:39:17.313
10995116278262|Hand and Sons|false|2022-03-20 23:38:53.145
10995116277885|Pfannerstill-Hahn|false|2022-03-22 18:22:10.531
10995116278173|Witting Ltd|false|2022-03-23 21:17:21.143
10995116278634|Walker-Cormier|false|2022-03-24 16:43:20.958
10995116278052|Haley-Cruickshank|false|2022-03-25 01:43:35.284
10995116277817|Schulist-Schuppe|false|2022-03-25 15:22:03.205
10995116278523|Harris-Koss|false|2022-03-27 06:35:16.471
10995116278303|Casper-Koelpin|false|2022-03-29 03:47:08.76
10995116278035|Flatley-Murazik|false|2022-03-29 17:54:08.086
10995116278595|Upton Ltd|false|2022-03-30 05:39:57.952
10995116278573|Gutmann-Borer|false|2022-03-31 21:08:33.842
10995116278005|Bins Ltd|false|2022-04-01 03:42:17.033
10995116278268|Sanford Inc|false|2022-04-01 14:12:15.29
10995116278715|Larkin-Bergstrom|false|2022-04-02 01:03:33.898
10995116278417|Veum-Kuhic|false|2022-04-03 21:49:43.954
10995116278614|Stokes-Ward|false|2022-04-06 05:57:57.428
10995116277856|Mueller and Sons|false|2022-04-09 03:12:22.101
10995116278494|Wiza-Corkery|false|2022-04-09 13:31:35.956
10995116278747|Harvey-Smitham|false|2022-04-09 19:15:26.069
10995116278606|Hagenes-Jaskolski|false|2022-04-11 02:48:48.118
12094627905984|Collier-Zieme|false|2022-04-14 02:59:15.722
12094627905597|Runte PLC|false|2022-04-14 22:09:56.143
12094627906033|Schiller-Mueller|false|2022-04-15 03:03:57.507
12094627905985|Auer Group|false|2022-04-16 02:28:55.065
12094627905956|Fisher-Schroeder|false|2022-04-16 23:43:35.006
12094627906449|Kassulke-Fadel|false|2022-04-18 08:25:11.523
12094627906337|Stanton Ltd|false|2022-04-18 10:49:24.556
12094627906519|Gleichner-Larson|false|2022-04-20 03:09:02.734
12094627905705|Schroeder-Nader|false|2022-04-21 12:45:25.264
12094627905750|Jakubowski Inc|false|2022-04-22 04:42:05.312
12094627905903|Waters Ltd|false|2022-04-26 00:33:39.77
12094627906215|Bartell-Kuhic|false|2022-04-27 04:36:10.026
12094627905710|Lakin-Frami|false|2022-04-27 05:24:15.509
12094627905851|O'Connell Group|false|2022-04-27 10:47:09.291
12094627905746|Doyle Group|false|2022-04-27 19:34:36.575
12094627906450|Weber-Thiel|false|2022-04-30 04:20:28.645
12094627906347|Stokes PLC|false|2022-05-03 02:20:10.481
12094627906436|Kris LLC|false|2022-05-07 12:28:55.825
12094627905974|West LLC|false|2022-05-07 14:21:41.416
12094627905864|Zboncak-Bernier|false|2022-05-08 07:58:27.451
12094627906434|Hirthe-Bogisich|false|2022-05-08 08:13:05.645
12094627905787|Ortiz-Emard|false|2022-05-09 03:42:00.165
12094627906006|Huel-Goyette|false|2022-05-10 23:51:57.896
12094627906483|Lockman LLC|false|2022-05-11 02:13:33.894
12094627906420|Conn LLC|false|2022-05-13 04:14:03.438
12094627905848|Homenick-Schiller|false|2022-05-13 15:30:46.545
12094627906274|Bosco-Ledner|false|2022-05-13 20:59:09.586
12094627906366|Crooks-Bayer|false|2022-05-14 05:57:57.717
12094627906318|Turner-Gulgowski|false|2022-05-14 16:47:58.846
12094627906439|Jerde-Feeney|false|2022-05-16 03:59:09.73
12094627905931|Effertz-Auer|false|2022-05-16 09:06:24.048
12094627906014|Gusikowski-Tillman|false|2022-05-17 01:57:57.908
12094627905655|Hills-Purdy|false|2022-05-19 08:23:21.713
12094627906174|Von-Padberg|false|2022-05-20 03:38:15.907
12094627905538|O'Reilly-Herman|false|2022-05-20 20:37:37.224
12094627905692|Fritsch-Koelpin|false|2022-05-21 16:02:05.616
12094627906048|Tremblay-Kris|false|2022-05-26 21:08:41.542
12094627905797|Nikolaus-Kozey|false|2022-05-27 22:55:24.721
12094627906271|Dare-Hoppe|false|2022-05-28 04:09:55.639
12094627906219|McCullough-Beer|false|2022-05-28 22:31:09.35
12094627906405|Cronin Inc|false|2022-05-29 00:49:01.316
12094627906058|Legros Inc|false|2022-05-29 21:34:28.521
12094627906089|Boehm PLC|false|2022-05-29 22:40:20.413
12094627905677|Hagenes-Jacobi|false|2022-05-30 18:55:05.157
12094627906283|Bode and Sons|false|2022-05-31 11:54:57.434
12094627906336|Ernser-Daniel|false|2022-06-01 08:35:54.229
12094627905818|Orn-Pacocha|false|2022-06-01 21:14:07.138
12094627906520|Mertz-Wisoky|false|2022-06-03 19:52:54.856
12094627906148|Boyer PLC|false|2022-06-04 04:37:37.551
12094627906183|Bashirian-Nolan|false|2022-06-07 02:50:07.453
12094627906516|Bogisich-Ritchie|false|2022-06-09 17:33:16.383
12094627905553|Reynolds-Collier|false|2022-06-09 19:42:54.018
12094627906402|Douglas Ltd|false|2022-06-10 12:35:19.426
12094627905646|Rice and Sons|false|2022-06-11 02:54:38.365
12094627906431|Mante-Braun|false|2022-06-13 09:59:52.289
12094627906239|Ritchie-Hagenes|false|2022-06-14 00:07:23.268
12094627906157|Boyer-Kozey|false|2022-06-14 01:25:35.337
12094627905606|Daniel Group|false|2022-06-14 15:53:24.164
12094627906020|Harvey PLC|false|2022-06-14 16:21:50.201
12094627905834|Koss-Harvey|false|2022-06-15 11:29:10.001
12094627905995|Hahn PLC|false|2022-06-15 14:15:11.275
12094627905713|Zemlak-Stroman|false|2022-06-16 17:56:31.397
12094627905617|Price-Greenholt|false|2022-06-16 20:07:24.1
12094627905722|Breitenberg-Graham|false|2022-06-17 11:51:03.586
12094627906278|Batz-Gottlieb|false|2022-06-20 02:45:35.734
12094627905696|Bechtelar Inc|false|2022-06-22 04:00:46.049
12094627905679|Russel-Mosciski|false|2022-06-22 19:57:10.107
12094627905784|Orn-Ortiz|false|2022-06-24 17:22:57.242
13194139533368|Doyle LLC|false|2022-06-26 12:26:18.396
13194139534252|Klocko-Rowe|false|2022-06-28 00:15:15.545
13194139534097|Cormier-Watsica|false|2022-06-29 22:17:14.824
13194139533976|Klein-White|false|2022-06-30 12:08:08.516
13194139534009|Lakin-Brown|false|2022-07-01 05:35:53.037
13194139533784|Romaguera-Waters|false|2022-07-01 15:53:44.65
13194139533625|Senger-Mertz|false|2022-07-03 15:39:47.66
13194139533981|Effertz LLC|false|2022-07-04 12:43:16.373
13194139534124|Fahey-Mante|false|2022-07-04 18:01:07.254
13194139533877|Dicki LLC|false|2022-07-05 00:12:19.542
13194139533631|Feest-Kling|false|2022-07-06 07:14:20.986
13194139533407|Reinger-Nader|false|2022-07-07 19:28:14.175
13194139533815|Herzog-Fritsch|false|2022-07-10 17:17:27.176
13194139533905|Quitzon-Mayert|false|2022-07-11 22:45:56.4
13194139533446|Quitzon-Medhurst|false|2022-07-13 10:52:31.107
13194139534079|Kemmer-Grady|false|2022-07-13 21:30:43.181
13194139533450|Hoppe-Cartwright|false|2022-07-13 23:59:50.735
13194139533827|Wiza PLC|false|2022-07-14 10:36:15.452
13194139533678|Reinger-Littel|false|2022-07-18 02:29:01.884
13194139533886|Haley-Hudson|false|2022-07-18 20:33:15.359
13194139533965|Deckow Ltd|false|2022-07-19 16:28:52.99
13194139533617|Paucek-Miller|false|2022-07-19 21:24:55.587
13194139533597|Towne Group|false|2022-07-20 03:50:28.484
13194139533430|Morissette-Senger|false|2022-07-20 19:55:48.863
13194139534176|Lakin LLC|false|2022-07-21 08:40:03.553
13194139533386|Weimann-Hamill|false|2022-07-23 09:03:06.183
13194139534224|Veum LLC|false|2022-07-23 20:46:27.714
13194139534270|Bernhard-Dicki|false|2022-07-24 07:33:43.803
13194139534290|Kihn Group|false|2022-07-25 14:07:16.329
13194139533510|Mayer-Wyman|false|2022-07-26 05:33:03.788
13194139533635|Bauch-Herman|false|2022-07-26 16:29:33.983
13194139534168|Feest-Hand|false|2022-07-29 13:54:53.291
13194139534298|Reynolds-White|false|2022-07-30 14:35:23.272
13194139533384|Kautzer-Kuvalis|false|2022-08-02 14:17:42.512
13194139533646|Fadel-Lowe|false|2022-08-05 08:35:37.568
13194139534189|Heaney PLC|false|2022-08-05 19:03:36.78
13194139534228|Runte Group|false|2022-08-10 17:43:55.074
13194139533765|Upton Ltd|false|2022-08-13 01:40:27.533
13194139534023|Kemmer LLC|false|2022-08-14 10:49:58.715
13194139533817|Rempel Group|false|2022-08-14 19:52:17.212
13194139533602|Tremblay and Sons|false|2022-08-15 02:22:29.506
13194139533588|Quitzon Ltd|false|2022-08-16 10:56:03.038
13194139534055|Rice-Jakubowski|false|2022-08-18 08:27:10.911
13194139533770|Haag and Sons|false|2022-08-18 08:53:19.471
13194139534138|Harvey-Gleichner|false|2022-08-21 10:40:50.096
13194139534110|Fay-Frami|false|2022-08-21 18:28:34.012
13194139533895|Johns-Roberts|false|2022-08-22 01:23:42.216
13194139533448|Greenfelder and Sons|false|2022-08-23 02:25:24.663
13194139534254|Considine-Kerluke|false|2022-08-23 20:16:25.233
13194139533856|Stiedemann-Armstrong|false|2022-08-23 23:40:34.494
13194139533801|Walker-Connelly|false|2022-08-24 22:11:07.794
13194139533459|Konopelski Inc|false|2022-08-25 18:43:53.191
13194139533312|Mosciski-Bogan|false|2022-08-26 00:11:41.724
13194139533495|Jacobson Ltd|false|2022-08-27 00:35:37.126
13194139533567|Witting Inc|false|2022-08-27 00:36:54.552
13194139534006|Mosciski LLC|false|2022-08-27 12:48:43.118
13194139534311|Gottlieb-Schowalter|false|2022-08-27 18:15:51.768
13194139533439|Dietrich-Pouros|false|2022-08-31 09:34:21.695
13194139533822|West-Ward|false|2022-09-02 16:26:33.249
13194139534221|Bogisich PLC|false|2022-09-03 02:04:49.61
13194139533961|Moen-Moore|false|2022-09-04 09:57:13.887
13194139533977|Thompson-Franecki|false|2022-09-04 12:32:29.222
13194139533466|Wilderman LLC|false|2022-09-07 14:51:28.95
14293651161967|Nader-Gulgowski|false|2022-09-11 19:25:18.271
14293651161970|Cronin Inc|false|2022-09-12 03:09:01.76
14293651161573|Kohler LLC|false|2022-09-12 06:54:24.001
14293651161567|Green and Sons|false|2022-09-12 18:57:13.531
14293651161980|Hilpert Inc|false|2022-09-13 18:33:37.851
14293651161252|Homenick LLC|false|2022-09-15 03:54:50.895
14293651161191|Leuschke PLC|false|2022-09-16 11:23:35.113
14293651162020|Eichmann-Hamill|false|2022-09-16 16:25:57.476
14293651161127|Dicki Group|false|2022-09-17 08:21:30.297
14293651161583|Purdy-McGlynn|false|2022-09-17 20:17:27.035
14293651162076|Rohan-Runolfsson|false|2022-09-17 22:05:51.559
14293651161756|Gaylord LLC|false|2022-09-18 14:34:08.283
14293651161722|Bode-Dach|false|2022-09-19 20:50:21.092
14293651162047|Bergstrom-Rohan|false|2022-09-22 16:36:57.461
14293651161520|Howe-Anderson|false|2022-09-23 15:59:36.51
14293651162063|Eichmann-Hartmann|false|2022-09-23 22:38:12.597
14293651162012|Lowe-Bechtelar|false|2022-09-26 13:59:28.285
14293651161907|Block-Mante|false|2022-09-27 18:12:04.423
14293651161368|Mitchell-Frami|false|2022-09-30 02:18:43.591
14293651161710|Goyette-Raynor|false|2022-10-01 10:13:32.652
14293651161805|Lebsack PLC|false|2022-10-01 23:41:29.396
14293651161568|Doyle-Considine|false|2022-10-02 20:50:54.754
14293651161270|Kozey-Runolfsdottir|false|2022-10-03 16:11:23.526
14293651162062|Johns-Graham|false|2022-10-05 21:58:23.216
14293651162051|Boyer PLC|false|2022-10-06 06:30:01.846
14293651161377|Prosacco-Torp|false|2022-10-07 06:07:47.751
14293651161423|Reilly-Langworth|false|2022-10-08 20:35:24.184
14293651161116|Harber-Davis|false|2022-10-08 21:10:18.363
14293651161549|Gutkowski Ltd|false|2022-10-09 06:26:27.885
14293651161905|Terry-Nader|false|2022-10-11 13:01:50.606
14293651161794|Grimes-DuBuque|false|2022-10-12 01:27:43.989
14293651161289|Sawayn Group|false|2022-10-12 05:18:17.347
14293651161421|Hoppe-Grady|false|2022-10-14 05:35:28.362
14293651161961|Brakus-Rau|false|2022-10-14 12:41:33.666
14293651161864|Robel LLC|false|2022-10-14 22:45:23.99
14293651161883|Ferry LLC|false|2022-10-15 07:15:09.196
14293651161329|Brown-Spencer|false|2022-10-15 12:52:17.629
14293651161665|Casper-Harvey|false|2022-10-15 19:04:06.56
14293651161574|Okuneva and Sons|false|2022-10-16 12:17:15.447
14293651161358|Johns Ltd|false|2022-10-17 01:46:16.662
14293651161450|Koch-Kub|false|2022-10-17 13:49:18.795
14293651161675|Shanahan and Sons|false|2022-10-17 23:16:19.371
14293651161784|Hoeger-Volkman|false|2022-10-19 14:03:44.306
14293651161249|Kuhlman LLC|false|2022-10-20 22:29:09.88
14293651161535|Will-Pouros|false|2022-10-21 06:33:43.929
14293651161728|Kunde-Bartoletti|false|2022-10-24 21:03:35.305
14293651161872|Leffler-Satterfield|false|2022-10-25 08:20:03.376
14293651161539|Erdman-Green|false|2022-10-25 15:32:32.284
14293651161786|Wiza-Gutmann|false|2022-10-27 09:46:17.841
14293651161100|Cassin Ltd|false|2022-10-29 03:05:52.601
14293651161819|Skiles-Harvey|false|2022-10-29 03:30:17.221
14293651161911|Rempel-Wolf|false|2022-10-30 01:44:22.133
14293651161315|Bins-Crooks|false|2022-10-30 15:20:30.792
14293651161538|Mitchell-Volkman|false|2022-10-31 17:32:49.673
14293651161876|Metz-Bayer|false|2022-10-31 21:21:27.882
14293651161180|Becker-Flatley|false|2022-11-01 01:33:14.634
14293651161276|Ruecker-Ruecker|false|2022-11-01 11:14:42.692
14293651161797|Yost LLC|false|2022-11-02 10:28:32.977
14293651161904|Mills PLC|false|2022-11-03 21:03:04.612
14293651161467|Hettinger-Williamson|false|2022-11-04 16:51:35.544
14293651161154|Rohan-Kunze|false|2022-11-04 17:41:37.746
14293651161879|Tremblay-Lockman|false|2022-11-04 20:41:13.655
14293651161294|Kohler-Rau|false|2022-11-09 11:41:24.917
14293651162055|Hackett Group|false|2022-11-10 00:42:55.822
14293651161300|Murphy-Deckow|false|2022-11-10 09:23:58.991
14293651161892|Muller-Glover|false|2022-11-10 23:02:53.753
14293651161587|Skiles Group|false|2022-11-12 01:23:29.648
14293651161171|Muller Group|false|2022-11-12 14:59:28.561
14293651161744|Yundt-Barton|false|2022-11-15 19:25:42.601
14293651161649|Wisozk Ltd|false|2022-11-15 19:46:21.222
14293651161866|Corkery-Toy|false|2022-11-17 08:04:03.057
14293651161172|Casper LLC|false|2022-11-18 00:19:04.128
14293651161356|Gorczany Group|false|2022-11-18 03:56:52.712
14293651162015|Greenholt-O'Kon|false|2022-11-18 08:17:29.691
14293651161680|Welch-Beer|false|2022-11-18 21:17:15.853
14293651161950|Reynolds-Lemke|false|2022-11-19 11:53:36.263
14293651161847|Howe and Sons|false|2022-11-20 14:08:09.95
14293651161291|Turcotte-Parisian|false|2022-11-20 16:25:52.368
14293651161552|Nitzsche-Bartell|false|2022-11-21 04:46:35.431
14293651161323|Hartmann-Champlin|false|2022-11-21 06:52:36.911
14293651161204|Pfannerstill-Herzog|false|2022-11-21 20:45:46.4
14293651161232|Champlin PLC|false|2022-11-22 07:50:03.242
14293651161646|McGlynn and Sons|false|2022-11-23 01:57:49.801
14293651161810|Kiehn Group|false|2022-11-24 06:43:10.263
15393162789409|Wunsch Inc|false|2022-11-26 07:26:35.744
15393162789401|O'Kon-Kertzmann|false|2022-11-26 23:24:00.102
15393162789760|Conn-Lindgren|false|2022-11-28 15:49:32.451
