fromId|toId|createTime
680|1099511628596|2020-04-27 01:56:54.258
615|534|2020-05-29 21:45:06.201
550|1099511628351|2020-06-18 07:53:46.515
1099511628601|1099511628633|2020-07-07 12:18:04.669
2199023256531|2199023256188|2020-08-13 04:40:36.525
1099511628603|1099511628236|2020-08-26 03:10:13.083
908|764|2020-09-08 03:52:40.33
1099511628050|790|2020-09-19 20:07:37.354
1099511628194|3298534884097|2020-09-27 12:44:05.869
2199023256070|2199023256370|2020-10-07 10:02:23.372
3298534883523|3298534883614|2020-10-21 09:47:39.919
3298534884005|2199023255568|2020-10-29 12:52:09.867
2199023256122|3298534883391|2020-12-08 04:38:48.843
1099511628729|1099511628330|2020-12-09 15:50:36.068
1099511628351|2199023255936|2020-12-22 07:38:18.842
3298534884188|1099511628733|2020-12-25 17:53:11.887
2199023255889|3298534883917|2020-12-31 14:15:39.032
2199023255833|2199023255630|2021-01-03 21:29:49.867
787|2199023256433|2021-01-14 13:40:13.226
3298534883629|3298534884188|2021-01-27 00:44:15.91
1099511628725|4398046511137|2021-02-04 15:10:08.659
1099511628749|4398046511285|2021-02-05 10:15:31.024
1099511628194|4398046511192|2021-02-09 11:05:02.228
1099511628148|2199023256254|2021-02-11 08:29:27.248
2199023256327|5497558139136|2021-02-19 03:25:00.194
344|2199023255711|2021-03-02 02:33:56.166
1099511627777|2199023255912|2021-03-07 13:46:38.492
2199023255578|3298534884216|2021-03-14 07:08:28.415
700|615|2021-03-17 20:00:52.774
3298534883393|616|2021-03-19 00:35:56.695
2199023256541|2199023256020|2021-03-26 05:57:22.955
3298534883393|2199023255759|2021-04-15 12:01:06.233
2199023256243|3298534883856|2021-04-27 06:59:50.133
3298534883649|5497558139349|2021-04-28 03:57:23.718
5497558139756|3298534883458|2021-04-28 07:40:45.744
4398046511113|719|2021-05-08 23:08:17.909
6597069766847|4398046511125|2021-05-24 04:25:20.204
764|4398046511808|2021-05-24 09:51:56.239
4398046511111|4398046511157|2021-05-29 09:11:46.296
2199023256433|5497558139109|2021-05-29 12:08:47.416
6597069767101|2199023256009|2021-06-03 04:29:17.475
930|2199023256458|2021-06-17 02:44:18.273
1099511628450|1099511628390|2021-06-29 11:16:51.109
3298534883628|6597069767368|2021-06-29 12:46:17.536
1099511627828|2199023256282|2021-07-04 11:04:25.682
192|3298534884125|2021-07-10 07:33:29.681
3298534883853|3298534883946|2021-07-12 01:40:05.962
2199023255588|7696581394819|2021-07-14 02:04:02.415
5497558138886|29|2021-07-14 06:18:54.347
4398046511451|5497558139755|2021-07-23 06:08:37.715
2199023256288|6597069766755|2021-08-02 13:16:46.546
5497558139002|773|2021-08-02 21:15:24.786
354|1099511628236|2021-08-04 05:50:16.905
5497558139679|6597069766898|2021-08-04 14:03:46.811
6597069767075|7696581395367|2021-08-16 01:16:30.401
5497558139600|6597069766933|2021-09-12 12:27:32.174
2199023255833|6597069767597|2021-09-13 10:30:11.63
4398046511210|2199023256132|2021-09-18 23:27:33.357
8796093022227|6597069767500|2021-09-19 03:30:57.705
1099511628521|6597069767317|2021-09-20 02:05:11.687
8796093022370|3298534883699|2021-10-01 12:52:43.8
7696581394622|3298534884053|2021-10-02 19:37:11.045
2199023255980|6597069767179|2021-10-09 07:28:47.581
4398046511208|8796093022759|2021-10-10 16:42:19.803
7696581395337|180|2021-10-13 02:21:07.616
6597069766681|8796093022528|2021-10-16 12:53:05.548
2199023256419|8796093022228|2021-10-17 21:10:35.908
8796093022890|3298534883451|2021-10-20 08:23:17.08
354|3298534883645|2021-10-20 17:49:40.427
1099511627831|1099511627838|2021-10-21 03:08:04.626
5497558139002|7696581394549|2021-10-22 01:08:40.251
5497558139133|2199023256093|2021-10-23 09:59:31.05
3298534884105|7696581394807|2021-10-23 16:43:35.887
598|8796093022588|2021-10-25 17:16:02.909
4398046511337|5497558139205|2021-10-27 10:19:24.687
7696581394565|7696581394946|2021-10-27 17:46:39.111
796|5497558139679|2021-10-29 00:35:59.15
4398046512014|8796093022546|2021-10-30 05:08:53.859
2199023256478|4398046512014|2021-10-30 22:18:10.485
8796093022926|2199023255941|2021-11-01 16:34:47.122
29|6597069766916|2021-11-02 05:47:15.996
6597069766755|1099511628134|2021-11-02 14:18:13.511
6597069767592|3298534884005|2021-11-11 08:27:30.926
787|6597069767288|2021-11-17 10:03:49.562
8796093022770|4398046512014|2021-11-21 20:48:30.867
595|3298534883649|2021-11-30 10:03:31.253
705|2199023256181|2021-12-03 03:51:11.004
5497558139645|2199023255710|2021-12-03 20:42:04.948
4398046511208|8796093022934|2021-12-15 21:39:14.115
6597069766832|6597069766723|2021-12-18 15:14:26.273
4398046511673|8796093022228|2021-12-21 10:04:05.31
4398046511157|2199023256243|2021-12-23 14:02:17.457
7696581394829|9895604650034|2021-12-31 20:18:45.842
8796093023099|1099511628596|2022-01-01 22:37:30.91
5497558139265|7696581394534|2022-01-02 11:22:58.909
5497558139600|9895604650339|2022-01-03 09:43:45.352
8796093023067|7696581395365|2022-01-05 04:10:17.945
6597069766890|1099511628070|2022-01-05 15:47:30.17
3298534884130|6597069767068|2022-01-10 11:50:12.106
3298534883452|9895604650136|2022-01-13 16:58:09.714
6597069767388|2199023255720|2022-01-15 22:03:17.321
6597069767247|9895604650852|2022-01-19 11:31:29.455
8796093022808|9895604650238|2022-01-23 23:55:47.807
1099511628517|2199023256223|2022-02-06 18:21:47.856
8796093022276|2199023256289|2022-02-14 11:22:26.891
9895604650735|1099511627777|2022-02-15 18:34:18.883
968|2199023255833|2022-02-21 00:37:57.756
7696581395076|8796093022284|2022-02-21 04:02:41.067
4398046511122|7696581394694|2022-02-23 07:22:47.305
6597069766864|8796093023073|2022-02-23 21:28:08.229
1099511628633|602|2022-02-25 01:34:49.638
7696581394748|8796093022588|2022-03-05 19:06:57.608
8796093022642|1099511628562|2022-03-06 23:50:21.268
8796093023198|3298534883868|2022-03-09 11:21:40.139
10995116277956|641|2022-03-09 16:36:22.67
2199023256181|10995116278137|2022-03-12 08:18:47.667
2199023256009|7696581394909|2022-03-13 17:40:08.05
934|4398046512027|2022-03-18 05:04:44.19
8796093022833|3298534883990|2022-03-19 04:51:51.025
6597069767597|10995116277977|2022-03-27 00:19:35.179
2199023256433|4398046511808|2022-03-27 03:20:38.515
1099511628372|8796093022649|2022-03-30 04:29:25.726
9895604650262|9895604650082|2022-04-03 16:45:54.24
8796093022534|560|2022-04-04 00:51:34.509
2199023256326|5497558139458|2022-04-04 09:37:06.798
6597069766919|616|2022-04-04 17:36:59.664
2199023256181|1099511627838|2022-04-05 11:46:11.539
9895604650557|1099511628428|2022-04-05 22:15:07.717
5497558139120|8796093023119|2022-04-07 08:49:21.401
10995116278614|10995116277956|2022-04-07 15:13:19.764
1099511628521|5497558139031|2022-04-08 01:51:02.817
3298534883649|548|2022-04-08 04:02:27.498
3298534883645|10995116278494|2022-04-10 00:54:12.967
9895604650136|5497558139102|2022-04-10 06:16:40.194
1099511628749|4398046511433|2022-04-12 15:09:58.77
10995116278705|10995116278299|2022-04-12 16:28:20.758
8796093022649|6597069766902|2022-04-14 04:24:12.814
4398046511480|10995116277886|2022-04-14 07:15:12.129
5497558139540|5497558139356|2022-04-14 15:36:52.858
6597069766850|10995116278317|2022-04-20 18:26:30.277
6597069767075|3298534884056|2022-04-21 01:24:41.943
9895604650341|3298534883678|2022-04-21 12:07:48.437
5497558139730|8796093022789|2022-04-23 05:15:30.715
9895604650824|3298534883673|2022-04-25 00:57:13.663
5497558139109|10995116278005|2022-04-25 19:14:17.225
7696581394815|7696581394909|2022-04-26 13:50:22.191
8796093023088|2199023256132|2022-04-28 08:31:46.062
10995116278026|10995116278200|2022-04-28 23:05:07.608
8796093022439|6597069767366|2022-04-30 17:22:59.261
5497558139648|2199023255941|2022-05-01 14:00:11.786
2199023255862|1099511627789|2022-05-03 20:29:00.303
8796093022381|667|2022-05-04 00:33:33.92
4398046511309|5497558139031|2022-05-04 10:13:32.851
10995116278418|12094627906033|2022-05-05 05:07:22.084
8796093022528|2199023256267|2022-05-05 10:51:39.988
5497558139243|1099511628219|2022-05-07 13:26:04.794
3298534883678|4398046511594|2022-05-08 10:59:20.129
7696581394856|2199023256399|2022-05-08 15:16:31.688
3298534883678|393|2022-05-08 22:36:38.094
1099511628725|8796093022516|2022-05-12 19:48:35.913
7696581395076|2199023256132|2022-05-13 14:57:25.27
10995116278523|7696581394909|2022-05-14 08:14:12.385
3298534883856|9895604650341|2022-05-15 16:18:14.735
10995116278455|1099511627838|2022-05-16 17:52:56.731
8796093022924|1099511628698|2022-05-16 18:42:16.673
2199023256023|12094627906318|2022-05-18 15:12:33.565
1099511628297|6597069766826|2022-05-20 12:49:20.208
7696581394936|10995116277768|2022-05-21 12:50:12.172
2199023255588|602|2022-05-21 21:47:30.546
10995116278242|9895604650735|2022-05-25 17:01:53.666
10995116278119|7696581394664|2022-05-26 05:00:34.653
8796093022235|12094627906483|2022-05-26 19:21:18.274
4398046511194|5497558139397|2022-05-30 12:04:25.053
2199023256223|6597069767062|2022-05-31 10:05:56.553
8796093022759|1099511628312|2022-06-02 14:22:17.585
5497558139540|8796093022240|2022-06-03 21:47:22.08
7696581394999|7696581395059|2022-06-04 18:39:28.509
9895604650410|7696581395075|2022-06-05 14:57:35.349
8796093022839|9895604650677|2022-06-06 20:39:49.074
9895604650824|2199023256281|2022-06-07 09:47:48.817
12094627905787|4398046511975|2022-06-07 23:30:10.784
12094627905797|9895604650341|2022-06-08 12:56:14.717
12094627905931|1099511628633|2022-06-10 09:45:15.635
8796093023088|9895604650159|2022-06-14 21:31:11.287
8796093022242|1099511628521|2022-06-16 13:16:05.506
2199023256458|1099511628390|2022-06-19 22:56:26.833
1099511628450|10995116278286|2022-06-21 20:12:14.542
3298534883370|10995116277885|2022-06-22 17:37:15.156
3298534883990|12094627906434|2022-06-23 09:29:41.389
7696581395365|3298534884053|2022-06-24 14:38:28.559
12094627905956|10995116277886|2022-06-25 05:18:26.346
10995116278137|4398046511456|2022-06-25 05:46:26.735
10995116277977|2199023255980|2022-06-25 20:56:34.854
9895604650773|12094627905746|2022-06-26 03:17:15.999
10995116278286|12094627905696|2022-06-26 05:24:57.563
2199023256435|4398046511456|2022-06-26 23:41:50.263
5497558139361|12094627906174|2022-06-26 23:50:54.481
12094627906020|10995116277986|2022-06-28 22:40:59.896
10995116277925|1099511628312|2022-06-29 02:45:15.407
8796093022276|12094627905679|2022-06-29 03:20:39.092
4398046511399|901|2022-07-01 13:46:34.509
6597069767490|12094627906020|2022-07-03 06:18:02.746
12094627905931|5497558139752|2022-07-03 11:20:26.328
12094627905974|7696581395076|2022-07-03 12:22:28.542
4398046511436|5497558139374|2022-07-04 03:17:36.899
7696581394549|4398046511371|2022-07-04 05:46:03.266
13194139534252|7696581395071|2022-07-04 07:02:29.298
1099511628050|8796093022841|2022-07-06 07:09:30.1
9895604650255|29|2022-07-07 10:10:32.811
12094627905553|3298534884005|2022-07-07 20:23:04.539
1099511628633|8796093022615|2022-07-09 20:48:50.373
12094627905956|10995116277856|2022-07-11 15:53:09.772
5497558139109|12094627905677|2022-07-12 05:06:02.071
6597069766919|12094627906014|2022-07-13 23:06:21.606
863|3298534883614|2022-07-14 07:57:26.942
9895604650015|1099511628468|2022-07-14 08:06:18.95
5497558139243|3298534884142|2022-07-15 02:32:52.05
7696581394479|938|2022-07-15 18:12:15.793
12094627906420|2199023256541|2022-07-15 20:44:17.608
9895604650410|2199023255941|2022-07-16 05:44:28.426
7696581394936|12094627905677|2022-07-16 13:11:36.11
4398046511482|10995116278705|2022-07-16 20:16:33.011
5497558139756|7696581395058|2022-07-17 14:58:42.934
8796093023099|12094627906089|2022-07-18 06:54:40.489
7696581395352|13194139533368|2022-07-18 22:23:21.448
1099511628070|5497558139361|2022-07-20 21:15:01.207
5497558139374|12094627905553|2022-07-27 01:54:03.322
5497558139031|1099511628733|2022-07-31 09:47:49.369
13194139534009|9895604650082|2022-07-31 18:55:59.296
602|9895604650677|2022-08-01 02:43:38.936
13194139533827|9895604650737|2022-08-01 16:56:19.317
12094627906337|7696581395045|2022-08-03 18:39:20.326
1099511628098|12094627905974|2022-08-05 12:20:14.306
2199023256478|5497558139550|2022-08-07 09:48:55.379
12094627906450|1099511628372|2022-08-07 15:09:42.595
7696581394479|13194139533965|2022-08-07 22:38:30.26
9895604650255|2199023256267|2022-08-07 23:35:12.503
2199023255936|5497558139600|2022-08-08 03:02:38.217
13194139533827|12094627906439|2022-08-08 19:11:52.221
12094627905606|12094627906283|2022-08-08 21:40:52.716
12094627905713|5497558139568|2022-08-09 08:19:33.287
3298534884188|8796093022572|2022-08-10 16:04:16.248
8796093023178|12094627906347|2022-08-11 10:25:52.295
10995116278005|5497558139103|2022-08-12 06:49:59.492
5497558139381|8796093022770|2022-08-12 08:33:02.734
1099511628070|13194139534290|2022-08-12 17:45:08.664
5497558139345|8796093022242|2022-08-12 22:42:39.026
100|13194139533430|2022-08-14 20:48:12.991
8796093022320|3298534883990|2022-08-15 04:26:06.026
12094627906239|6597069767418|2022-08-15 06:56:56.703
12094627906183|9895604650877|2022-08-16 03:48:31.967
13194139533815|7696581394894|2022-08-16 06:21:53.82
8796093022466|12094627906449|2022-08-17 02:05:55.761
4398046511482|7696581395337|2022-08-18 00:01:47.519
1099511627942|13194139533631|2022-08-20 04:13:26.401
2199023255862|12094627905851|2022-08-23 21:43:05.081
3298534883645|6597069767490|2022-08-25 05:11:34.417
10995116278523|12094627906058|2022-08-25 16:16:28.616
13194139533448|13194139534228|2022-08-26 00:39:53.068
6597069767101|9895604650755|2022-08-28 21:08:43.819
9895604650262|7696581394664|2022-08-29 06:54:59.703
602|12094627906058|2022-08-29 18:01:44.343
7696581394467|7696581394469|2022-08-30 01:21:52.451
10995116278185|8796093022532|2022-08-31 22:11:07.266
10995116277768|2199023256313|2022-09-02 00:12:52.07
6597069767368|12094627906436|2022-09-02 08:36:12.16
10995116277768|9895604650475|2022-09-03 08:48:00.431
5497558139356|13194139533312|2022-09-04 15:29:46.735
6597069767592|12094627906014|2022-09-05 00:20:09.294
9895604650272|10995116278299|2022-09-05 03:18:45.034
12094627905553|3298534883405|2022-09-05 12:43:15.261
1099511627905|8796093022588|2022-09-05 15:14:13.911
3298534883853|13194139534023|2022-09-06 01:24:00.763
4398046511436|2199023256206|2022-09-06 03:30:55.231
8796093022528|12094627906318|2022-09-06 10:44:53.181
2199023256265|13194139533965|2022-09-06 21:18:27.447
7696581394467|10995116278005|2022-09-07 04:50:29.561
2199023255980|5497558139133|2022-09-07 15:17:21.618
6597069766681|12094627905679|2022-09-08 17:04:32.787
3298534883452|7696581395337|2022-09-09 20:50:18.801
5497558139741|3298534884053|2022-09-10 06:39:07.55
6597069767571|12094627906278|2022-09-10 21:14:16.652
2199023255637|10995116278168|2022-09-11 06:20:09.838
10995116277925|13194139533877|2022-09-12 00:57:53.865
12094627906006|14293651161967|2022-09-12 05:00:03.961
14293651161573|685|2022-09-13 09:50:39.954
705|9895604650271|2022-09-14 05:38:29.944
1099511628601|7696581395378|2022-09-14 17:40:10.895
13194139533625|1099511628729|2022-09-14 17:49:29.176
3298534883835|6597069767592|2022-09-18 10:06:11.367
6597069766983|9895604650557|2022-09-20 01:10:52.635
1099511628390|12094627905903|2022-09-20 09:46:42.611
9895604650495|13194139534224|2022-09-20 11:50:49.301
13194139534023|9895604650324|2022-09-21 02:47:06.492
6597069767179|13194139534311|2022-09-21 22:03:41.355
12094627905797|1099511628134|2022-09-22 01:57:12.815
13194139533617|8796093022581|2022-09-22 08:06:08.883
991|6597069767428|2022-09-23 10:28:24.124
3298534884108|10995116278262|2022-09-24 17:33:02.333
2199023256393|12094627905606|2022-09-26 08:49:19.202
14293651161567|8796093022419|2022-09-27 01:50:23.229
5497558139646|12094627906089|2022-09-27 11:51:25.91
8796093022381|13194139533965|2022-09-27 17:39:54.932
9895604650555|13194139534079|2022-09-27 20:27:09.762
7696581395045|12094627905834|2022-09-28 21:14:08.8
3298534883429|13194139533384|2022-09-29 11:31:18.793
8796093022466|13194139533905|2022-09-29 12:41:49.091
7696581394631|13194139533602|2022-09-29 13:50:59.002
14293651161583|13194139534228|2022-09-29 19:07:13.564
13194139533567|13194139534298|2022-09-29 19:39:26.342
6597069767437|2199023256458|2022-09-30 11:54:24.824
93|8796093022926|2022-09-30 13:11:32.919
5497558139640|12094627905797|2022-09-30 20:06:03.397
12094627905713|9895604650281|2022-10-01 12:50:45.218
13194139533597|29|2022-10-01 19:26:22.352
8796093022339|14293651161756|2022-10-02 15:16:41.089
12094627906436|4398046511723|2022-10-04 06:23:58.407
2199023255578|5497558139404|2022-10-04 11:27:30.301
6597069767388|2199023255980|2022-10-04 23:12:59.224
7696581394539|9895604650281|2022-10-05 07:06:38.365
14293651161191|2199023256009|2022-10-05 09:42:46.623
12094627905834|9895604650547|2022-10-06 10:51:41.48
12094627906014|5497558138885|2022-10-06 16:02:35.397
29|1099511628428|2022-10-06 17:29:33.213
14293651162063|4398046511594|2022-10-06 18:42:53.094
14293651161573|2199023255944|2022-10-06 22:47:03.553
2199023256288|13194139534311|2022-10-08 01:48:45
13194139533602|7696581394909|2022-10-08 12:58:38.801
9895604650773|14293651161127|2022-10-09 02:15:11.488
6597069767571|7696581394869|2022-10-09 04:20:47.53
6597069767511|3298534883835|2022-10-09 05:37:35.711
14293651161568|1099511628562|2022-10-09 10:24:25.827
3298534883537|13194139534298|2022-10-10 14:55:49.329
4398046511157|13194139533386|2022-10-10 15:52:02.407
8796093022419|7696581394436|2022-10-11 00:55:17.912
10995116278634|5497558139381|2022-10-11 18:23:36.208
1099511627905|5497558139103|2022-10-12 02:44:39.875
642|6597069766826|2022-10-12 11:26:59.538
1099511628516|8796093022248|2022-10-14 13:03:57.935
10995116277790|13194139533815|2022-10-16 19:08:50.134
12094627906483|2199023256395|2022-10-17 10:17:08.667
4398046511451|1099511628450|2022-10-17 12:50:47.931
4398046511495|13194139534138|2022-10-18 00:10:41.991
14293651161377|12094627905617|2022-10-18 06:28:37.437
5497558139205|13194139533602|2022-10-18 12:39:09.523
12094627905606|7696581394819|2022-10-18 15:45:38.348
12094627906089|13194139534298|2022-10-18 17:16:23.326
12094627905787|10995116278595|2022-10-19 09:10:26.238
2199023256206|13194139533466|2022-10-19 10:22:16.933
10995116278185|14293651162012|2022-10-20 05:16:33.164
10995116278614|5497558139404|2022-10-20 07:15:48.451
10995116278290|815|2022-10-21 10:22:44.342
8796093022242|5497558139103|2022-10-23 01:34:27.555
3298534883429|12094627906274|2022-10-23 10:09:28.663
5497558139381|615|2022-10-25 15:47:39.509
10995116277790|14293651161970|2022-10-26 06:21:53.51
2199023256399|14293651161728|2022-10-26 22:56:56.404
9895604650471|764|2022-10-27 15:41:30.583
13194139534311|10995116278005|2022-10-27 23:59:28.261
14293651161535|584|2022-10-28 00:54:07.69
13194139533439|14293651161329|2022-10-28 03:31:41.752
10995116278035|8796093022649|2022-10-28 13:25:09.364
8796093023198|7696581394829|2022-10-28 21:53:59.01
1099511627838|9895604650630|2022-10-29 06:14:57.9
10995116278317|2199023256023|2022-10-29 18:53:07.107
5497558139261|12094627905784|2022-10-29 23:17:41.616
14293651161358|10995116278268|2022-10-30 21:55:07.311
2199023255912|12094627906006|2022-10-31 15:02:13.66
13194139533439|901|2022-11-01 21:18:38.455
3298534883856|2199023255588|2022-11-02 19:26:01.49
2199023255941|13194139534097|2022-11-02 20:50:53.966
9895604650281|14293651161872|2022-11-02 21:30:35.151
12094627905617|8796093022313|2022-11-03 03:01:47.735
9895604650059|14293651161876|2022-11-03 11:31:32.527
14293651161970|3298534883722|2022-11-04 03:19:43.086
13194139534311|344|2022-11-05 01:53:48.799
8796093022419|12094627906520|2022-11-05 23:37:22.039
4398046511122|6597069767129|2022-11-06 04:40:17.99
12094627906014|2199023255710|2022-11-06 22:08:42.913
14293651161722|4398046511142|2022-11-07 03:33:13.848
6597069766871|3298534884120|2022-11-07 21:01:46.706
10995116278242|14293651161907|2022-11-09 14:41:16.245
2199023256243|9895604650705|2022-11-09 18:07:02.415
4398046511309|9895604650255|2022-11-09 22:11:48.025
6597069767357|12094627905722|2022-11-10 01:59:27.938
14293651162063|1099511628351|2022-11-10 13:08:30.123
14293651161794|3298534884216|2022-11-10 16:03:26.168
13194139534189|3298534883835|2022-11-10 18:47:33.606
14293651161423|1099511627838|2022-11-10 19:12:04.077
14293651161961|5497558139444|2022-11-12 08:34:30.023
14293651161377|2199023256254|2022-11-12 10:47:38.529
12094627906516|4398046511808|2022-11-12 10:59:24.448
9895604650272|14293651161879|2022-11-13 04:06:10.432
14293651161294|534|2022-11-13 04:57:08.986
180|14293651162051|2022-11-13 06:32:32.319
6597069766983|13194139534228|2022-11-13 08:01:54.117
12094627905834|3298534883917|2022-11-14 00:13:59.26
13194139533625|602|2022-11-15 07:16:18.652
6597069766929|10995116278035|2022-11-15 11:24:49.704
12094627905722|2199023256282|2022-11-15 17:58:46.954
14293651162012|5497558139349|2022-11-16 02:26:19.027
417|12094627905984|2022-11-16 13:25:18.873
14293651161358|9895604650629|2022-11-17 09:48:58.593
10995116278035|5497558138886|2022-11-18 03:06:59.267
12094627905784|13194139534228|2022-11-18 09:37:30.393
10995116278647|5497558139399|2022-11-18 10:04:36.021
3298534883990|10995116278109|2022-11-18 11:26:31.613
9895604650555|10995116278286|2022-11-18 17:15:07.93
3298534883835|351|2022-11-19 05:25:48.536
13194139534176|7696581395045|2022-11-19 05:45:25.438
8796093022759|14293651161883|2022-11-19 09:26:02.93
14293651161356|9895604650059|2022-11-20 17:41:48.155
13194139533877|8796093022248|2022-11-20 18:08:35.515
14293651161568|3298534884108|2022-11-20 20:25:14.925
2199023256188|12094627906148|2022-11-21 02:17:59.856
6597069766890|14293651161950|2022-11-22 05:29:00.124
12094627906516|1099511628521|2022-11-22 08:51:16.97
6597069766871|14293651161538|2022-11-22 09:48:29.639
14293651161819|2199023255701|2022-11-22 11:16:14.057
10995116278317|14293651161423|2022-11-22 14:39:04.214
14293651162055|10995116278747|2022-11-23 09:59:30.045
5497558138886|14293651161535|2022-11-23 15:43:59.506
6597069767402|14293651161819|2022-11-23 18:48:39.613
14293651161204|1099511627996|2022-11-24 01:15:40.351
14293651161904|14293651161567|2022-11-24 07:44:04.29
5497558139755|14293651162055|2022-11-24 17:30:19.124
2199023256531|14293651161552|2022-11-25 00:53:43.901
10995116277885|5497558139123|2022-11-25 01:25:27.48
4398046511113|10995116278614|2022-11-25 17:55:20.795
8796093022642|14293651162062|2022-11-26 03:43:30.951
3298534884120|14293651161154|2022-11-26 21:43:57.572
23|14293651161329|2022-11-26 22:24:07.344
3298534883863|14293651161905|2022-11-26 22:29:35.677
1099511627828|13194139533510|2022-11-27 09:35:10.069
14293651161950|10995116278518|2022-11-29 02:17:01.653
