companyId|loanId|createTime
534|14918173765665479|2020-02-23 22:32:05.997
29|23080948090273828|2020-03-23 19:22:07.859
678|24769797950538634|2020-03-29 05:23:47.689
901|27584547717645517|2020-04-08 12:48:13.144
1099511627777|36310271995674626|2020-05-09 16:14:12.138
43|36310271995674689|2020-05-09 21:18:17.636
960|39969446692914457|2020-05-22 22:17:32.089
1099511628000|40813871623045419|2020-05-25 13:08:24.727
1099511628517|41658296553178095|2020-05-28 13:25:27.164
1099511628725|43347146413442318|2020-06-03 21:19:03.472
93|45035996273705071|2020-06-09 15:25:54.803
1099511628219|46724846133969475|2020-06-15 15:23:04.311
1099511628289|49821070877786797|2020-06-26 18:16:12.796
815|50384020831208539|2020-06-29 03:28:08.405
1099511628596|51791395714761829|2020-07-03 21:18:59.568
1099511628725|52354345668183309|2020-07-05 20:01:48.579
739|55450570412000236|2020-07-16 08:31:32.915
2199023255862|55732045388710292|2020-07-18 01:39:19.782
961|56294995342132509|2020-07-20 03:20:01.479
2199023256395|58265320179106939|2020-07-26 14:07:45.399
598|58546795155817257|2020-07-28 03:26:09.459
2199023255687|61080069946212526|2020-08-05 06:06:11.142
976|64176294690030897|2020-08-16 08:03:38.357
2199023256084|66991044457136837|2020-08-26 23:24:30.959
568|67272519433847543|2020-08-27 22:05:48.061
3298534883678|68398419340689866|2020-08-31 12:18:36.682
3298534883645|68679894317400480|2020-09-02 03:17:26.565
2199023256023|69242844270822005|2020-09-03 19:15:51.118
3298534884142|71494644084507737|2020-09-11 21:45:33.672
2199023256122|71776119061218040|2020-09-12 18:36:27.687
1099511628460|72057594037928856|2020-09-13 09:05:58.892
257|74027918874902872|2020-09-20 13:28:28.807
2199023256523|74309393851614507|2020-09-21 17:23:11.382
821|74590868828324966|2020-09-22 18:33:37.428
642|74872343805035355|2020-09-23 06:19:04.879
2199023255737|75153818781745396|2020-09-24 09:10:28.855
2199023256380|76279718688588908|2020-09-28 11:12:35.292
678|77687093572141964|2020-10-03 17:54:56.699
2199023256282|78250043525563361|2020-10-05 19:19:50.269
685|78812993478984604|2020-10-07 13:41:24.232
1099511628000|79375943432405289|2020-10-09 08:56:35.184
599|79938893385827118|2020-10-12 04:38:30.088
3298534883429|80501843339247736|2020-10-13 08:18:12.36
3298534883699|81064793292669426|2020-10-15 09:51:06.562
2199023256322|81627743246091289|2020-10-17 19:15:47.034
1099511628517|82190693199512562|2020-10-20 00:26:37.719
43|82190693199511616|2020-10-20 02:52:40.103
2199023255724|83879543059775712|2020-10-25 10:19:02.684
1099511628219|83879543059776065|2020-10-25 10:26:24.335
2199023256094|85849867896750803|2020-11-01 10:00:47.658
3298534884130|87538717757015110|2020-11-07 22:35:41.15
3298534884005|88664617663857544|2020-11-12 01:45:55.378
961|90353467524121882|2020-11-17 09:33:00.434
1099511627828|90353467524120648|2020-11-17 15:37:57.643
4398046511208|90634942500831358|2020-11-18 21:19:40.383
1099511628134|90916417477542358|2020-11-19 07:36:02.143
3298534883678|91479367430963656|2020-11-21 18:15:52.518
2199023256254|92042317384385459|2020-11-23 12:48:11.695
3298534884125|92323792361096250|2020-11-24 07:32:55.52
1099511628372|94575592174781221|2020-12-02 09:28:10.537
29|95420017104912419|2020-12-05 07:29:11.342
1099511628312|96827391988466379|2020-12-10 12:44:29.228
4398046511604|97108866965176978|2020-12-11 14:12:35.299
365|98234766872019425|2020-12-15 07:47:44.53
1099511627996|98516241848729892|2020-12-16 15:17:56.228
4398046511803|99360666778862509|2020-12-19 16:52:53.421
678|99642141755573131|2020-12-21 01:16:38.06
1099511628720|99923616732284170|2020-12-21 23:21:02.006
1099511628312|102738366499390154|2020-12-31 13:20:07.487
1099511628449|103019841476100993|2021-01-01 09:45:10.679
2199023256395|103301316452811898|2021-01-02 11:45:22.812
365|103582791429521891|2021-01-03 18:39:37.279
3298534883738|104145741382943264|2021-01-06 06:05:01.284
4398046511754|104427216359654244|2021-01-06 21:29:12.88
3298534883728|104708691336364559|2021-01-07 15:03:34.15
4398046512027|105553116266497257|2021-01-10 12:44:18.889
1099511627834|105553116266496079|2021-01-11 00:15:46.011
2199023255710|106960491150049485|2021-01-16 05:06:30.248
1099511628330|107241966126760680|2021-01-16 09:15:03.974
2199023255724|107241966126760161|2021-01-17 07:02:43.011
4398046511337|108930815987024185|2021-01-23 01:55:14.992
790|109775240917156910|2021-01-25 16:08:26.221
2199023256529|110056715893867828|2021-01-26 14:17:34.098
3298534883917|110901140823999257|2021-01-30 04:08:41.392
2199023255862|111745565754130837|2021-02-01 14:43:27.082
1099511628351|111745565754131204|2021-02-02 02:37:35.838
4398046511803|112027040730842028|2021-02-02 11:34:06.943
635|112027040730841940|2021-02-02 18:45:35.683
4398046511723|112308515707552584|2021-02-03 20:50:12.174
257|113434415614394713|2021-02-07 13:42:33.437
4398046511142|114278840544526394|2021-02-11 00:03:00.536
3298534883429|114841790497947769|2021-02-12 23:10:50.311
2199023256380|115123265474659437|2021-02-13 18:04:32.335
599|115404740451369772|2021-02-14 16:32:26.739
3298534883750|115404740451369512|2021-02-14 20:28:18.212
353|115967690404790734|2021-02-16 14:45:33.129
3298534884188|116249165381502101|2021-02-18 08:54:58.392
1099511627889|116530640358211722|2021-02-18 17:12:44.848
678|116812115334923145|2021-02-20 04:10:13.585
2199023255862|116812115334922646|2021-02-20 06:31:08.07
5497558139261|117093590311633406|2021-02-21 02:17:30.932
2199023256523|117375065288344874|2021-02-21 23:04:40.181
2199023255811|117656540265054556|2021-02-22 22:51:04.766
2199023256419|118500965195187354|2021-02-25 12:19:14.628
1099511628733|118782440171898130|2021-02-26 22:02:23.641
4398046511723|119345390125318983|2021-02-28 21:48:00.561
2199023255948|119626865102029322|2021-03-01 13:48:36.677
4398046511309|119908340078739726|2021-03-02 18:38:21.812
1099511628289|120189815055450796|2021-03-04 05:13:38.476
1099511628733|120189815055451411|2021-03-04 05:18:22.352
2199023256254|120471290032161713|2021-03-05 08:59:22.559
976|121315714962294066|2021-03-07 15:35:59.984
5497558139103|121597189939003687|2021-03-08 12:34:10.504
2199023255687|121878664915714224|2021-03-09 12:07:40.289
538|122723089845846735|2021-03-12 18:25:53.49
2199023255578|122723089845846047|2021-03-13 00:48:45.536
5497558139243|123286039799267808|2021-03-14 19:45:49.588
1099511628390|123848989752689471|2021-03-16 15:23:41.803
3298534883698|124130464729399790|2021-03-18 06:58:33.731
5497558139645|125256364636242963|2021-03-22 03:11:01.557
4398046511537|125537839612953144|2021-03-23 01:36:04.381
4398046511856|125819314589664257|2021-03-23 12:02:28.502
1099511628517|125819314589664241|2021-03-23 14:07:57.826
1099511628274|126663739519795856|2021-03-27 03:36:50.707
1099511628330|127508164449927911|2021-03-29 19:08:58.916
5497558139067|127508164449927417|2021-03-30 06:08:11.262
3298534883629|128352589380059534|2021-04-02 06:34:38.164
1099511628516|128915539333481454|2021-04-03 15:16:56.794
2199023255777|129478489286902061|2021-04-05 11:47:48.857
180|130604389193744622|2021-04-09 16:44:49.065
3298534884053|130604389193745373|2021-04-09 20:31:58.049
5497558139446|130604389193745139|2021-04-10 09:34:48.392
599|130885864170455851|2021-04-11 09:55:23.256
5497558139002|131167339147165853|2021-04-11 10:45:42.536
3298534883728|131167339147166222|2021-04-12 01:18:31.775
5497558138886|131167339147165703|2021-04-12 03:37:18.139
5497558139345|131730289100587620|2021-04-13 16:12:12.772
365|132574714030719460|2021-04-16 21:37:42.947
2199023255940|132574714030719495|2021-04-17 01:53:17.275
5497558139019|132856189007429815|2021-04-17 14:50:26.374
2199023256020|132856189007430251|2021-04-17 16:31:57.627
1099511628236|132856189007430241|2021-04-18 09:12:10.182
2199023256122|133137663984141049|2021-04-18 14:56:31.645
6597069766832|133982088914272485|2021-04-21 13:02:57.252
180|134545038867693805|2021-04-23 19:16:27.195
739|135107988821115885|2021-04-25 16:48:47.663
2199023256322|135670938774537242|2021-04-27 18:37:21.857
685|136233888727958426|2021-04-30 05:43:24.287
2199023256020|136233888727958122|2021-04-30 08:44:02.509
2199023256094|137078313658090194|2021-05-02 16:46:18.109
3298534883917|137359788634800920|2021-05-04 01:19:52.461
6597069767500|138485688541643903|2021-05-08 06:19:01.403
821|138485688541643880|2021-05-08 07:12:25.305
5497558139731|138767163518354567|2021-05-08 18:22:06.726
1099511628390|139048638495064893|2021-05-10 00:55:03.313
6597069767042|139330113471775234|2021-05-10 14:45:46.199
584|139330113471775504|2021-05-10 22:45:03.108
4398046512027|139611588448486635|2021-05-11 17:38:50.983
3298534884051|139611588448486358|2021-05-12 03:48:44.16
6597069767368|139893063425196994|2021-05-12 23:29:23.198
2199023256370|139893063425197149|2021-05-13 04:55:50.758
1099511627905|140174538401906852|2021-05-13 23:01:19.328
6597069767215|140456013378618092|2021-05-14 17:52:52.618
6597069767388|140456013378618340|2021-05-15 06:16:54.756
5497558139019|140737488355328180|2021-05-15 13:37:25.302
5497558139361|140737488355328641|2021-05-15 23:17:44.454
5497558139361|140737488355328640|2021-05-16 08:01:27.418
351|141300438308749773|2021-05-17 18:32:47.02
2199023256380|141300438308750446|2021-05-18 08:08:48.925
1099511628772|141581913285461330|2021-05-18 17:32:12.933
2199023256395|141581913285461116|2021-05-19 06:22:19.476
3298534883451|142144863238881438|2021-05-20 18:26:59.528
1099511627870|142426338215592051|2021-05-21 20:08:16
2199023256223|142707813192303483|2021-05-23 10:24:43.602
6597069766919|143270763145724258|2021-05-24 21:22:40.367
5497558138895|143552238122434576|2021-05-26 06:49:57.586
5497558139067|144396663052566778|2021-05-28 18:21:03.416
2199023256009|144396663052567128|2021-05-29 07:45:13.911
685|144678138029278107|2021-05-30 08:15:49.523
5497558139725|147211412819674242|2021-06-07 12:45:00.455
93|147211412819673200|2021-06-08 00:51:23.03
5497558139629|147492887796384762|2021-06-09 07:55:34.786
2199023256529|147774362773095731|2021-06-10 09:05:20.809
6597069766890|148618787703226684|2021-06-13 05:27:26.406
6597069766890|149181737656647997|2021-06-14 21:39:19.702
7696581394819|150026162586780165|2021-06-18 06:34:13.937
5497558139374|150307637563490954|2021-06-19 02:21:51.064
3298534883393|150589112540201044|2021-06-20 01:48:41.319
6597069767101|151433537470333512|2021-06-22 22:30:10.129
6597069766832|151715012447043814|2021-06-23 23:00:57.488
2199023255701|151715012447043776|2021-06-24 01:11:37.299
7696581395075|151715012447044445|2021-06-24 06:59:41.777
6597069767357|151996487423755182|2021-06-24 15:42:45.729
180|151996487423754476|2021-06-24 21:14:53.402
3298534883597|151996487423754598|2021-06-25 04:21:28.554
6597069767042|152277962400465411|2021-06-26 08:08:36.008
1099511627835|152559437377175632|2021-06-26 23:03:28.717
1099511628372|152840912353887011|2021-06-28 09:21:25.345
821|153403862307308649|2021-06-29 20:24:54.282
6597069767490|153403862307308657|2021-06-29 22:31:05.303
991|153685337284019536|2021-06-30 22:29:03.081
5497558139109|153966812260729137|2021-07-01 21:51:30.541
1099511628460|154248287237440407|2021-07-02 13:30:17.987
5497558138885|154248287237439494|2021-07-03 10:38:42.905
5497558139031|154529762214150339|2021-07-03 12:10:01.691
4398046511157|154811237190860873|2021-07-04 22:52:54.17
3298534884130|155092712167572553|2021-07-06 02:57:46.656
2199023255833|155655662120993139|2021-07-07 14:40:21.587
4398046511856|155655662120993794|2021-07-08 11:23:25.589
2199023256545|156218612074415441|2021-07-10 02:06:39.655
7696581394909|156218612074414713|2021-07-10 03:39:50.535
1099511627995|156500087051125024|2021-07-11 00:55:06.826
1099511628134|156781562027835861|2021-07-11 14:41:36.722
6597069766809|156781562027835592|2021-07-11 18:39:55.59
4398046511480|156781562027835893|2021-07-11 23:47:06.398
7696581395091|157063037004546927|2021-07-13 05:36:08.875
1099511628274|157344511981257358|2021-07-13 13:42:31.096
2199023255889|157344511981257149|2021-07-14 03:59:01.734
3298534883673|157625986957967815|2021-07-14 22:08:44.908
5497558139129|157625986957967698|2021-07-15 03:24:55.877
2199023255889|157907461934678459|2021-07-16 10:21:37.145
2199023256163|158751886864810810|2021-07-18 14:51:05.24
5497558139349|158751886864810606|2021-07-18 21:20:40.117
6597069766898|158751886864810311|2021-07-18 23:05:34.804
5497558139109|158751886864810288|2021-07-19 01:43:05.147
3298534884053|159033361841521626|2021-07-19 23:12:30.538
5497558139028|159033361841520830|2021-07-20 11:23:43.822
3298534884108|159314836818232354|2021-07-20 22:43:14.549
4398046511399|159596311794942343|2021-07-21 22:08:40.538
351|161848111608627660|2021-07-29 14:15:22.717
3298534884170|162129586585339000|2021-07-30 13:26:04.541
550|162411061562049246|2021-08-01 03:10:28.786
5497558138929|164099911422312517|2021-08-07 04:49:21.015
5497558139031|164381386399023298|2021-08-08 01:44:01.65
1099511627777|164662861375733760|2021-08-09 11:36:31.577
3298534884051|164944336352445400|2021-08-09 23:20:55.29
5497558139679|165225811329156159|2021-08-11 04:54:03.149
7696581394936|165788761282577049|2021-08-13 08:42:38.911
7696581395075|166070236259287900|2021-08-14 07:24:30.916
2199023256009|166633186212708950|2021-08-16 00:02:12.901
3298534884108|166914661189420065|2021-08-17 04:00:08.544
3298534884108|167759086119552032|2021-08-19 17:36:15.589
4398046511309|167759086119551247|2021-08-19 18:08:48.648
7696581394552|168884986026393749|2021-08-23 20:01:03.158
365|169447935979815394|2021-08-26 03:07:40.442
2199023255950|169729410956526091|2021-08-26 14:29:29.786
5497558139546|169729410956526455|2021-08-27 00:47:03.917
1099511627905|170010885933236390|2021-08-27 21:41:53.933
7696581395350|171418260816790749|2021-09-01 20:54:21.771
7696581394469|171418260816789559|2021-09-01 21:01:11.912
6597069767328|171418260816790398|2021-09-02 08:48:33.381
7696581395075|171699735793501022|2021-09-03 09:17:52.009
2199023255737|171981210770211061|2021-09-03 16:07:28.58
5497558139103|172262685746921768|2021-09-05 04:23:08.743
821|172262685746922599|2021-09-05 09:10:32.707
506|172544160723632796|2021-09-05 16:05:06.842
1099511627995|172544160723632419|2021-09-05 17:34:41.75
7696581394909|172825635700343418|2021-09-07 11:05:15.753
1099511628749|173107110677054764|2021-09-08 07:05:52.22
4398046511219|173388585653764235|2021-09-08 14:29:04.396
1099511628351|173388585653764869|2021-09-08 15:13:47.374
2199023256084|173388585653764806|2021-09-09 10:58:49.687
7696581395091|173670060630475632|2021-09-10 07:19:55.682
1099511628377|173951535607186225|2021-09-10 18:22:06.573
7696581394539|174514485560606848|2021-09-13 01:03:56.192
7696581394469|174514485560606776|2021-09-13 04:58:55.625
7696581394539|174795960537317505|2021-09-14 13:31:54.972
2199023256084|175077435514028739|2021-09-15 00:45:25.066
4398046511910|175358910490739790|2021-09-15 14:45:36.068
4398046511933|175640385467450480|2021-09-16 21:50:08.702
1099511627905|175921860444160165|2021-09-18 00:20:09.796
4398046511371|176203335420871012|2021-09-18 18:56:33.25
1099511628236|176484810397581920|2021-09-19 19:09:53.149
8796093022227|176484810397581336|2021-09-20 08:41:13.703
6597069767621|176766285374293282|2021-09-20 14:49:04.772
2199023255889|176766285374292412|2021-09-21 03:21:32.977
3298534884206|177047760351003816|2021-09-22 05:18:26.933
787|177329235327714346|2021-09-22 19:31:37.11
4398046511309|177329235327713549|2021-09-23 08:12:22.332
2199023256084|177892185281135300|2021-09-25 05:52:12.544
6597069766832|177892185281134819|2021-09-25 12:00:18.572
7696581395140|178173660257846204|2021-09-25 17:26:50.796
5497558139446|179018085187977972|2021-09-29 00:38:03.627
3298534883629|179299560164688268|2021-09-29 14:42:45.327
5497558139550|179299560164688762|2021-09-30 00:23:38.885
5497558139404|179862510118109879|2021-10-02 05:53:53.596
5497558138895|179862510118109199|2021-10-02 08:00:28.335
6597069767592|180143985094821121|2021-10-03 04:47:38.056
6597069767418|180706935048242194|2021-10-05 03:57:52.467
6597069767328|180988410024952703|2021-10-06 11:49:10.876
7696581395029|181269885001663271|2021-10-07 03:20:19.492
8796093022890|181551359978374035|2021-10-07 19:02:34.582
5497558139028|181551359978373311|2021-10-08 02:54:26.41
6597069766960|181832834955084176|2021-10-09 10:25:29.283
4398046511480|182114309931794935|2021-10-09 15:54:27.646
8796093022642|182677259885216315|2021-10-12 04:23:06.83
4398046511219|182958734861926540|2021-10-12 15:54:18.091
6597069767212|182958734861927146|2021-10-12 17:51:56.074
7696581395029|183240209838637864|2021-10-13 21:10:00.228
2199023255833|184366109745480050|2021-10-18 06:03:51.559
1099511628372|185492009652323108|2021-10-21 17:44:52.957
3298534883917|185773484629033755|2021-10-22 15:15:57.595
1099511628134|185773484629033431|2021-10-23 14:14:26.403
6597069767228|186054959605744382|2021-10-24 04:27:23.651
7696581394560|186336434582454432|2021-10-25 08:43:55.973
6597069767215|186899384535876331|2021-10-26 15:39:48.536
5497558139284|186899384535876116|2021-10-27 07:21:59.373
8796093022759|187180859512586975|2021-10-28 13:11:16.332
4398046511754|187180859512587107|2021-10-28 14:15:10.485
3298534883649|187462334489297315|2021-10-29 08:08:44.403
4398046511754|187743809466008418|2021-10-30 01:38:16.056
1099511628289|188025284442718891|2021-10-31 02:05:26.223
4398046512027|188869709372851432|2021-11-03 02:09:41.237
6597069766723|188869709372850261|2021-11-03 09:44:34.576
7696581394479|189151184349560898|2021-11-04 05:53:16.816
5497558139600|189432659326272463|2021-11-04 22:50:57.263
5497558139640|189995609279693839|2021-11-07 05:11:27.419
6597069766919|190277084256403809|2021-11-08 00:16:07.589
7696581394560|190558559233114274|2021-11-09 07:23:58.836
1099511627777|191121509186535425|2021-11-11 01:58:49.894
4398046511754|191121509186536293|2021-11-11 06:18:01.199
5497558139123|191402984163246409|2021-11-12 04:34:05.329
6597069766681|191402984163246110|2021-11-12 04:42:14.481
7696581394541|191402984163246212|2021-11-12 12:34:13.538
3298534883678|191684459139957195|2021-11-13 12:16:38.611
7696581394560|191965934116667553|2021-11-14 00:18:25.038
7696581394552|191965934116667542|2021-11-14 04:54:34.944
8796093022964|191965934116668424|2021-11-14 07:56:57.778
7696581394909|192247409093378683|2021-11-14 23:55:50.121
6597069767592|192528884070089983|2021-11-15 15:29:02.146
2199023256433|192810359046800554|2021-11-17 12:15:57.742
5497558139109|193091834023510322|2021-11-17 17:37:47.787
7696581394899|193091834023510631|2021-11-18 09:43:59.599
8796093022652|193091834023510596|2021-11-18 13:21:08.488
8796093022841|193373309000221523|2021-11-19 13:59:39.116
2199023256395|193654783976932477|2021-11-20 11:55:52.585
5497558139349|193936258953642607|2021-11-20 21:57:33.775
3298534883698|193936258953642481|2021-11-21 10:42:46.629
6597069767317|194499208907064177|2021-11-23 01:33:58.779
8796093022528|194499208907063713|2021-11-23 05:57:23.13
93|194499208907063409|2021-11-23 08:29:13.458
6597069766819|194499208907063512|2021-11-23 15:01:27.256
6597069767388|195906583790617573|2021-11-27 19:49:21.368
4398046511480|196188058767327734|2021-11-29 09:05:29.143
5497558139002|196469533744038043|2021-11-30 09:35:15.026
5497558139731|196751008720749704|2021-12-01 04:26:50.107
4398046512027|197876908627592426|2021-12-04 20:45:10.241
5497558139861|198158383604303161|2021-12-05 16:44:46.614
2199023255889|198158383604302266|2021-12-05 18:34:15.959
5497558139648|198439858581013527|2021-12-06 17:44:16.824
8796093022615|198439858581013017|2021-12-07 07:34:46.508
4398046511436|199002808534434226|2021-12-08 23:22:21.779
8796093022564|199284283511144911|2021-12-09 22:25:33.764
5497558139600|199284283511145424|2021-12-10 06:15:38.71
5497558139404|199565758487855797|2021-12-10 23:19:46.347
4398046511399|199565758487855496|2021-12-11 02:54:40.622
2199023255737|199565758487855347|2021-12-11 03:02:56.392
8796093022242|199847233464565807|2021-12-12 01:36:48.128
7696581394565|200128708441276587|2021-12-13 05:14:25.76
5497558139067|200410183417987323|2021-12-13 20:52:03.452
5497558139731|200691658394698890|2021-12-14 20:18:14.572
5497558139349|201817558301540976|2021-12-19 11:49:35.595
5497558139732|202380508254962827|2021-12-21 13:31:59.313
7696581395035|202661983231673139|2021-12-21 22:44:57.896
8796093022759|202943458208383714|2021-12-22 17:21:58.509
6597069767357|203224933185094575|2021-12-24 01:57:12.412
2199023255836|203506408161804662|2021-12-24 23:09:53.432
6597069767247|203506408161805085|2021-12-24 23:33:14.82
4398046511157|203506408161804362|2021-12-25 01:45:47.637
2199023256433|203506408161805483|2021-12-25 09:45:03.29
8796093022466|204069358115225947|2021-12-26 18:48:10.774
7696581395237|204350833091937355|2021-12-28 09:03:12.222
8796093022532|204632308068647333|2021-12-29 04:31:05.878
6597069766929|205195258022068588|2021-12-30 16:15:35.078
3298534884206|205195258022069415|2021-12-31 09:42:24.104
6597069767511|205476732998780048|2022-01-01 07:11:55.353
7696581394815|205758207975490048|2022-01-02 00:48:57.259
3298534883728|205758207975490061|2022-01-02 03:16:16.692
2199023256008|206039682952200786|2022-01-03 05:40:49.953
1099511628562|206039682952201257|2022-01-03 13:56:03.958
4398046511914|206602632905622611|2022-01-05 12:08:38.682
8796093022757|206884107882332892|2022-01-06 08:10:49.388
8796093022841|207165582859043664|2022-01-07 02:53:04.639
7696581395071|207165582859043673|2022-01-07 13:25:03.635
5497558138929|207447057835753540|2022-01-08 13:53:29.992
6597069767215|207728532812464877|2022-01-09 10:22:17.699
5497558139725|208010007789175939|2022-01-09 21:55:33.118
7696581394963|208010007789175490|2022-01-09 22:07:01.165
2199023256132|208291482765886219|2022-01-11 04:13:20.081
6597069766898|208291482765885766|2022-01-11 06:04:23.718
5497558139219|208291482765885887|2022-01-11 06:33:14.824
9895604650393|208291482765885980|2022-01-11 11:38:51.661
9895604650420|208291482765886012|2022-01-11 11:39:27.689
3298534883835|208572957742596766|2022-01-11 23:04:17.314
1099511628460|208854432719307670|2022-01-12 17:32:12.2
2199023256327|208854432719307804|2022-01-12 18:32:35.351
5497558138895|208854432719306769|2022-01-13 16:15:50.949
9895604650271|209135907696017786|2022-01-14 12:54:45.177
8796093022528|209135907696017826|2022-01-14 15:12:11.992
2199023255777|209417382672728364|2022-01-15 03:10:34.754
5497558139129|209417382672728403|2022-01-15 07:08:18.606
7696581394899|209980332626149990|2022-01-16 22:11:03.365
6597069767546|210261807602861243|2022-01-18 11:00:32.916
8796093022759|210543282579571425|2022-01-19 09:11:40.335
8796093022588|210824757556281852|2022-01-20 07:47:09.585
7696581394694|211106232532992351|2022-01-21 15:40:07.332
9895604650281|211387707509703050|2022-01-22 04:25:57.173
2199023255578|211669182486413345|2022-01-22 19:17:52.498
7696581395290|212513607416546451|2022-01-25 20:01:12.204
8796093022242|212513607416545329|2022-01-26 11:58:08.26
6597069767495|212513607416546422|2022-01-26 15:39:00.354
9895604650735|212513607416546303|2022-01-26 15:40:28.385
6597069766809|212795082393256137|2022-01-27 12:50:31.337
4398046511537|212795082393256503|2022-01-27 16:07:43.491
9895604650630|213920982300099425|2022-01-31 07:19:57.346
6597069767546|214483932253521082|2022-02-02 06:20:57.179
3298534884188|214765407230231700|2022-02-02 20:46:20.927
2199023256370|215046882206942303|2022-02-03 18:04:17.432
3298534884005|215046882206942087|2022-02-03 22:02:40.186
2199023255588|215046882206941235|2022-02-03 22:04:37.584
3298534883946|215609832160363332|2022-02-06 01:11:17.253
2199023256288|215609832160363496|2022-02-06 05:54:00.861
2199023255578|215609832160362528|2022-02-06 14:38:25.316
5497558139243|216735732067205599|2022-02-10 01:24:50.467
10995116277790|217298682020626469|2022-02-12 03:42:40.088
8796093022577|217298682020626925|2022-02-12 03:47:11.372
4398046511115|217298682020626443|2022-02-12 06:59:47.294
7696581394819|217298682020626948|2022-02-12 10:09:40.126
6597069767317|217580156997337970|2022-02-12 23:18:22.177
1099511627870|217861631974047858|2022-02-13 21:46:04.462
1099511627995|218143106950758689|2022-02-14 19:27:31.203
2199023255687|218143106950758573|2022-02-14 22:01:29.122
9895604650905|218143106950759651|2022-02-15 11:47:54.945
8796093022964|218424581927470085|2022-02-15 17:18:55.783
9895604650877|218706056904180928|2022-02-17 07:09:45.676
7696581394899|218987531880890984|2022-02-18 01:52:45.648
8796093023099|218987531880891580|2022-02-18 08:01:27.429
1099511628390|219269006857601852|2022-02-18 22:37:07.534
3298534883698|219550481834312175|2022-02-20 10:56:35.458
4398046511975|220113431787734172|2022-02-21 19:26:24.59
5497558139002|220394906764443802|2022-02-22 18:29:49.95
6597069766845|220394906764443903|2022-02-22 20:24:52.435
7696581395052|220394906764444489|2022-02-22 23:18:05.027
4398046511803|220394906764444587|2022-02-23 06:42:52.351
5497558139349|220394906764444269|2022-02-23 11:51:54.978
4398046511208|220394906764443772|2022-02-23 16:51:23.128
2199023256132|220676381741155084|2022-02-23 19:01:07.779
10995116277957|220676381741154565|2022-02-24 03:48:22.968
9895604650341|220957856717865426|2022-02-25 02:41:07.182
2199023256541|220957856717866318|2022-02-25 04:53:36.933
9895604650159|220957856717865186|2022-02-25 08:38:21.026
8796093022240|221239331694575660|2022-02-25 21:23:41.649
4398046511714|221239331694576440|2022-02-26 03:15:16.917
6597069767368|221802281647997891|2022-02-27 19:35:23.528
7696581395140|221802281647997886|2022-02-28 00:30:21.815
2199023255702|221802281647997121|2022-02-28 16:27:26.797
344|221802281647997382|2022-02-28 16:33:54.59
5497558139600|221802281647997902|2022-02-28 16:47:42.168
8796093022642|222083756624708154|2022-03-01 01:58:48.024
5497558139019|222365231601418422|2022-03-02 04:39:45.049
9895604650905|222646706578130150|2022-03-02 21:21:50.988
9895604650915|222646706578130168|2022-03-03 09:35:26.825
7696581394694|222646706578129246|2022-03-03 15:28:41.213
8796093022841|223209656531551058|2022-03-05 01:13:07.076
7696581395035|223209656531551026|2022-03-05 01:33:57.629
4398046511371|223491131508261221|2022-03-06 13:17:54.773
642|223772606484972378|2022-03-06 22:00:38.823
10995116278307|223772606484972250|2022-03-07 10:46:09.311
7696581394469|223772606484971574|2022-03-07 11:58:53.821
8796093022320|223772606484971657|2022-03-07 16:14:32.918
6597069767592|224054081461683458|2022-03-07 23:28:38.276
9895604650905|224054081461683429|2022-03-08 15:24:52.372
3298534883645|224617031415103902|2022-03-10 07:16:27.121
4398046511537|224898506391814710|2022-03-11 16:17:27.404
4398046511142|225461456345235513|2022-03-13 11:45:58.541
3298534884130|225742931321947207|2022-03-14 01:03:43.845
10995116278697|225742931321947395|2022-03-14 01:09:56.913
10995116278128|226024406298657258|2022-03-15 11:36:07.141
6597069766960|226587356252078479|2022-03-16 21:02:01.263
4398046511808|226868831228789687|2022-03-18 05:57:16.526
9895604650341|227150306205499859|2022-03-18 23:40:14.633
2199023256288|227150306205500391|2022-03-19 12:22:23.335
2199023256370|227431781182211168|2022-03-20 03:19:23.168
6597069766845|227431781182210304|2022-03-20 08:55:25.735
5497558139444|227431781182210802|2022-03-20 11:53:08.555
3298534883821|227431781182210697|2022-03-20 12:21:47.787
1099511628000|227431781182210346|2022-03-20 12:37:51.712
7696581394748|227431781182210461|2022-03-20 13:31:23.108
2199023256122|227713256158921467|2022-03-21 01:05:59.205
10995116278053|227713256158921092|2022-03-21 02:21:03.286
3298534883474|227713256158920890|2022-03-21 09:18:55.619
3298534884230|228276206112343247|2022-03-23 03:14:23.274
7696581394999|228276206112342774|2022-03-23 10:41:36.055
9895604650341|228557681089053137|2022-03-23 17:59:16.938
10995116278569|228557681089053775|2022-03-24 01:21:17.421
9895604650639|228557681089053543|2022-03-24 11:31:35.031
2199023256481|228839156065764598|2022-03-25 03:15:55.656
5497558139028|229120631042474173|2022-03-26 11:20:29.041
3298534883738|229120631042474530|2022-03-26 17:42:35.377
1099511628733|229402106019185940|2022-03-27 14:24:12.129
10995116278299|229683580995896017|2022-03-28 06:43:20.998
3298534883863|229683580995896008|2022-03-28 14:50:54.587
10995116278168|229683580995895835|2022-03-28 17:30:00.078
2199023256007|229965055972606544|2022-03-29 03:26:14.114
8796093022639|230246530949317170|2022-03-29 23:18:32.084
10995116278634|230528005926028448|2022-03-31 04:15:47.858
4398046511399|230528005926027653|2022-03-31 06:45:09.693
8796093022735|230809480902738618|2022-03-31 22:19:32.673
8796093023198|230809480902739279|2022-04-01 05:56:47.415
10995116278299|230809480902738640|2022-04-01 16:51:37.932
3298534883458|231090955879448744|2022-04-02 02:23:55.97
6597069766902|231090955879448911|2022-04-02 07:55:59.136
5497558139568|231090955879449502|2022-04-02 13:44:40.456
10995116277817|231372430856159310|2022-04-03 01:28:27.178
8796093022889|231653905832870799|2022-04-04 11:58:12.823
5497558139129|231935380809580884|2022-04-04 23:58:10.119
9895604650705|231935380809581522|2022-04-05 05:11:45.163
6597069767130|232216855786291831|2022-04-06 03:17:48.647
6597069767062|232498330763002389|2022-04-06 21:03:10.266
8796093022320|232498330763001991|2022-04-07 08:09:25.488
7696581394807|232498330763002356|2022-04-07 10:02:07.294
3298534883369|232498330763001919|2022-04-07 12:49:00.596
6597069767228|232498330763002623|2022-04-07 18:04:44.109
1099511627838|232779805739712595|2022-04-08 04:26:17.032
550|233061280716423901|2022-04-09 02:15:08.372
10995116277956|233061280716423426|2022-04-09 08:36:57.705
9895604650231|233061280716423504|2022-04-09 11:27:12.623
8796093022320|233342755693133960|2022-04-10 05:05:41.762
7696581395235|233342755693134922|2022-04-10 06:28:09.37
6597069766864|233342755693134100|2022-04-10 12:58:57.189
9895604650824|233624230669845623|2022-04-11 08:48:37.326
10995116278647|233905705646556343|2022-04-12 13:43:34.52
10995116278747|234468655599977803|2022-04-14 01:49:05.394
4398046511399|235031605553398150|2022-04-16 17:45:53.712
3298534883369|235313080530108477|2022-04-16 23:03:40.32
1099511628490|235313080530109381|2022-04-17 10:32:16.292
2199023256254|235594555506820018|2022-04-18 02:04:01.92
9895604650504|235594555506819761|2022-04-18 14:58:38.529
2199023256480|235876030483530994|2022-04-19 02:09:53.61
10995116278606|236720455413662852|2022-04-22 06:11:25.824
5497558139446|237001930390373109|2022-04-23 14:17:16.657
8796093022242|237283405367083056|2022-04-23 19:28:50.178
2199023256481|237283405367084279|2022-04-24 05:22:06.482
4398046511723|237283405367083845|2022-04-24 13:53:37.119
2199023256481|237564880343794932|2022-04-25 02:18:56.134
790|237564880343794733|2022-04-25 08:00:42.653
237|237564880343793987|2022-04-25 13:58:45.026
9895604650082|237846355320504438|2022-04-26 03:18:48.349
7696581394946|237846355320505007|2022-04-26 09:53:56.329
5497558139732|237846355320505484|2022-04-26 11:08:52.466
7696581394541|237846355320504451|2022-04-26 12:24:20.261
3298534884051|238127830297215959|2022-04-26 20:38:14.977
9895604650271|238409305273926012|2022-04-28 16:54:46.164
9895604650393|238690780250636830|2022-04-29 03:03:37.112
10995116278726|238690780250637604|2022-04-29 04:19:38.065
1099511627996|238690780250636581|2022-04-29 14:09:40.95
8796093022228|238972255227346970|2022-04-29 23:33:09.281
12094627905705|238972255227347165|2022-04-30 05:04:23.121
4398046511337|238972255227347259|2022-04-30 09:51:57.861
12094627905705|239253730204057820|2022-05-01 03:27:41.239
1099511628312|239535205180768972|2022-05-02 13:42:13.218
5497558139679|239535205180769344|2022-05-02 15:23:30.551
5497558138895|239535205180768274|2022-05-02 16:03:48.252
9895604650773|239816680157479980|2022-05-02 21:36:40.602
3298534883429|239816680157479034|2022-05-02 23:44:34.645
2199023256007|239816680157479505|2022-05-03 07:33:47.538
9895604650915|239816680157480186|2022-05-03 12:42:57.418
10995116278345|240098155134190355|2022-05-04 04:19:14.767
7696581395018|240098155134190358|2022-05-04 10:10:30.579
10995116278418|240379630110901102|2022-05-05 03:44:53.718
8796093022825|240661105087611715|2022-05-06 09:09:39.005
9895604650315|240661105087611312|2022-05-06 16:21:10.106
5497558139546|240661105087611768|2022-05-06 18:36:55.467
3298534883835|240942580064322207|2022-05-07 01:57:11.649
10995116278436|240942580064322438|2022-05-07 08:57:35.932
10995116277956|240942580064321795|2022-05-07 09:41:42.265
8796093022926|240942580064322507|2022-05-07 09:42:47.564
9895604650639|241224055041033064|2022-05-08 12:29:30.87
6597069767357|241224055041033136|2022-05-08 14:37:19.572
9895604650471|241224055041032837|2022-05-08 15:18:55.974
8796093022480|241505530017743210|2022-05-08 18:54:17.82
1099511628006|241505530017743155|2022-05-09 02:58:02.194
2199023256265|241787004994454468|2022-05-09 19:40:06.896
10995116277939|241787004994453736|2022-05-09 21:46:23.547
12094627905851|242068479971164569|2022-05-11 04:05:37.706
23|242068479971164187|2022-05-11 05:05:37.981
6597069767228|242631429924586237|2022-05-12 22:01:47.398
7696581394694|242631429924585824|2022-05-13 05:56:15.305
5497558139031|242631429924585669|2022-05-13 07:50:39.52
3298534883728|242912904901296652|2022-05-14 09:58:22.907
4398046511680|243194379878007558|2022-05-15 07:32:01.992
12094627906434|243194379878008007|2022-05-15 16:57:20.315
12094627905903|243475854854717927|2022-05-16 18:43:26.404
7696581394552|243757329831428244|2022-05-16 20:35:38.166
23|244038804808138780|2022-05-18 00:53:22.473
5497558139002|244038804808138908|2022-05-18 06:49:11.464
5497558139640|244320279784850445|2022-05-19 04:37:33.324
2199023256223|244601754761560957|2022-05-19 20:59:37.495
10995116278436|244601754761560964|2022-05-20 02:11:11.534
10995116278005|244601754761560397|2022-05-20 17:44:14.336
3298534884120|244883229738271796|2022-05-21 12:00:19.83
6597069767571|245164704714982616|2022-05-22 02:41:43.01
5497558139756|245446179691693217|2022-05-23 09:07:58.027
12094627906449|245727654668403925|2022-05-24 04:08:25.019
10995116278137|245727654668403192|2022-05-24 13:41:24.364
12094627905705|246290604621824218|2022-05-25 21:40:08.347
7696581395029|246290604621824806|2022-05-26 06:19:12.068
8796093022534|246290604621824427|2022-05-26 15:32:43.313
10995116277817|246572079598534733|2022-05-26 19:59:44.889
2199023256322|246572079598535707|2022-05-27 17:23:03.627
9895604650735|247135029551956988|2022-05-29 05:29:32.832
3298534883628|247135029551956363|2022-05-29 15:29:03.487
9895604650059|247416504528666721|2022-05-29 22:26:57.731
10995116277817|247697979505377355|2022-05-31 16:07:54.071
9895604650105|247979454482088088|2022-05-31 23:20:41.954
10995116278518|248260929458799627|2022-06-01 19:38:51.57
3298534883932|248260929458799412|2022-06-01 23:24:14.716
6597069766832|248260929458798820|2022-06-02 01:01:58.614
8796093022652|248260929458799174|2022-06-02 03:50:32.025
9895604650015|248260929458798634|2022-06-02 12:08:42.466
12094627905655|248542404435509395|2022-06-03 06:38:42.287
2199023256254|248542404435510196|2022-06-03 07:13:54.677
8796093022759|248542404435509984|2022-06-03 15:15:45.358
10995116277956|248823879412220164|2022-06-04 11:59:58.263
4398046511723|248823879412220742|2022-06-04 17:27:00.507
8796093022439|249105354388930870|2022-06-05 08:55:40.542
3298534884120|249105354388931635|2022-06-05 11:29:56.228
3298534883678|249105354388931017|2022-06-05 15:25:37.981
6597069766919|249386829365641571|2022-06-06 03:37:34.205
3298534883835|249668304342352541|2022-06-07 05:06:43.595
10995116278614|249668304342353037|2022-06-07 13:42:18.623
10995116278569|249668304342352976|2022-06-07 17:28:14.802
8796093022615|250231254295773720|2022-06-08 19:29:50.218
10995116278573|250231254295774294|2022-06-08 19:43:57.629
6597069767546|250512729272485049|2022-06-10 11:37:28.848
6597069766755|250512729272483959|2022-06-10 13:49:41.972
6597069767070|250794204249195043|2022-06-11 09:33:47.389
7696581394664|250794204249194808|2022-06-11 10:39:47.411
4398046511208|251075679225905275|2022-06-11 20:24:33.303
2199023256188|251075679225906005|2022-06-11 22:05:18.863
9895604650504|251075679225905842|2022-06-12 01:35:12.651
10995116278345|251638629179327250|2022-06-13 23:45:03.292
1099511627835|251638629179326545|2022-06-14 04:52:20.976
6597069767511|251920104156038286|2022-06-15 15:14:07.626
7696581394467|251920104156037170|2022-06-15 15:18:45.18
12094627906405|251920104156038299|2022-06-15 17:50:40.966
10995116277790|252201579132747814|2022-06-16 03:45:23.072
12094627905848|252201579132748184|2022-06-16 07:51:04.954
1099511628289|252201579132748462|2022-06-16 11:35:23.847
12094627906519|252201579132749120|2022-06-16 15:56:28.889
1099511628006|252483054109458740|2022-06-16 22:18:37.333
6597069767546|252483054109459640|2022-06-17 15:37:28.901
2199023255833|252764529086169461|2022-06-17 20:10:00.495
2199023255687|252764529086169263|2022-06-18 10:31:54.194
8796093022320|253046004062879878|2022-06-19 00:16:08.819
9895604650903|253046004062880992|2022-06-19 01:45:58.848
12094627906157|253046004062880589|2022-06-19 02:55:34.688
7696581394552|253046004062879895|2022-06-19 11:56:14.689
2199023256481|253046004062881013|2022-06-19 14:14:31.76
1099511627995|253327479039590690|2022-06-19 23:22:22.748
5497558139404|253327479039591094|2022-06-20 09:53:42.912
10995116277977|253608954016301339|2022-06-21 03:26:55.507
9895604650934|253608954016302351|2022-06-21 08:04:15.965
5497558139646|253890428993012757|2022-06-22 03:19:33.657
12094627906048|254171903969723050|2022-06-23 05:49:03.208
5497558139784|254171903969723600|2022-06-23 07:34:43.641
9895604650141|254171903969722572|2022-06-23 14:40:09.942
9895604650966|254171903969723706|2022-06-23 16:10:09.508
8796093022534|254171903969722794|2022-06-23 16:14:00.029
6597069767317|254171903969723251|2022-06-23 17:07:04
7696581395107|254171903969723266|2022-06-23 19:08:49.917
9895604650504|254453378946433715|2022-06-24 03:10:35.994
6597069767152|254734853923144332|2022-06-25 08:14:08.969
10995116277856|254734853923143796|2022-06-25 19:01:42.01
9895604650821|255860753829987444|2022-06-28 21:05:10.785
5497558138886|255860753829986314|2022-06-29 19:24:08.997
3298534884130|256142228806698056|2022-06-30 13:12:29.77
5497558138969|256423703783407723|2022-07-01 14:01:31.737
10995116278724|256705178760119585|2022-07-02 19:53:16.836
12094627905974|256986653736829503|2022-07-03 16:00:49.412
9895604650420|257268128713540157|2022-07-03 21:34:01.543
8796093022926|257268128713540554|2022-07-04 05:13:23.85
8796093022889|257268128713540497|2022-07-04 13:03:11.701
8796093022419|257549603690250518|2022-07-05 00:24:16.762
12094627906436|257549603690251467|2022-07-05 10:33:20.439
192|257831078666961153|2022-07-06 07:13:15.448
8796093022480|257831078666961255|2022-07-06 07:24:58.833
9895604650705|257831078666961873|2022-07-06 18:09:57.464
10995116278647|258112553643672757|2022-07-07 02:32:52.123
2199023256008|258112553643672148|2022-07-07 18:06:18.493
257|258394028620382554|2022-07-08 13:10:03.105
12094627906483|258675503597094155|2022-07-08 20:25:05.696
8796093022964|258956978573804550|2022-07-10 06:01:57.468
10995116277977|258956978573803804|2022-07-10 06:28:31.672
3298534883629|258956978573803917|2022-07-10 12:42:55.634
7696581394963|258956978573804225|2022-07-10 13:00:17.167
12094627905985|258956978573804107|2022-07-10 15:52:27.113
9895604650272|259238453550514558|2022-07-11 08:40:36.038
8796093022890|259519928527225748|2022-07-11 20:29:33.801
9895604650393|259519928527225373|2022-07-11 23:29:21.429
8796093022581|259801403503935987|2022-07-13 16:35:37.849
12094627906033|260364353457357453|2022-07-15 06:07:31.139
12094627905696|260364353457357006|2022-07-15 10:07:36.012
6597069766819|260364353457357014|2022-07-15 12:13:47.443
12094627906048|260645828434068137|2022-07-16 03:00:45.778
8796093022964|260645828434068487|2022-07-16 11:30:29.248
5497558139123|260927303410778440|2022-07-16 20:41:44.443
7696581394560|260927303410778275|2022-07-17 16:01:29.017
9895604650271|261208778387489147|2022-07-18 16:24:25.017
10995116278455|261490253364200357|2022-07-18 23:23:57.992
2199023255940|261490253364199942|2022-07-19 02:19:23.615
8796093023178|261490253364200745|2022-07-19 08:44:13.705
12094627906450|261490253364200663|2022-07-19 18:50:10.908
12094627906434|261771728340911302|2022-07-20 00:17:11.026
10995116278582|261771728340911210|2022-07-20 09:40:44.036
3298534883990|262053203317621620|2022-07-21 09:16:28.401
12094627905851|262334678294331803|2022-07-22 14:08:03.074
10995116278128|262616153271042539|2022-07-23 12:45:39.176
12094627906519|262616153271043391|2022-07-23 18:41:34.587
5497558139031|262897628247752900|2022-07-24 02:31:55.077
2199023256370|262897628247753822|2022-07-24 03:47:30.51
8796093022889|262897628247753616|2022-07-24 11:54:35.465
12094627905722|262897628247752952|2022-07-24 13:41:32.245
13194139533386|262897628247752797|2022-07-24 18:54:03.668
12094627906157|263179103224464203|2022-07-25 10:47:51.043
3298534883932|263460578201174837|2022-07-25 21:52:59.769
6597069766906|263460578201174357|2022-07-26 00:47:35.071
7696581395107|263742053177885571|2022-07-27 03:03:22.359
8796093022588|263742053177885178|2022-07-27 06:44:43.135
2199023255578|263742053177884706|2022-07-27 09:12:30.529
4398046511210|264023528154595455|2022-07-28 07:15:01.406
3298534883856|264023528154596030|2022-07-28 08:02:24.267
10995116277790|264305003131306023|2022-07-28 21:56:29.281
3298534884188|264586478108017814|2022-07-30 05:32:10.186
3298534883917|264586478108017434|2022-07-30 08:45:26.106
12094627906436|264586478108017868|2022-07-30 15:41:38.516
1099511628377|264867953084728111|2022-07-31 09:26:37.144
13194139533430|264867953084727440|2022-07-31 14:17:40.522
599|265149428061438765|2022-08-01 02:37:11.281
3298534883738|265149428061438495|2022-08-01 06:34:49.466
5497558139645|265149428061438996|2022-08-01 16:19:24.467
13194139533430|265712378014859410|2022-08-03 02:14:48.228
1099511628274|265712378014859919|2022-08-03 03:01:18.173
8796093022735|265712378014859964|2022-08-03 05:12:50.487
8796093022240|265712378014859310|2022-08-03 14:23:14.772
13194139534224|265993852991571154|2022-08-04 03:07:05.14
13194139534252|265993852991571205|2022-08-04 03:09:08.327
12094627906520|265993852991571266|2022-08-04 06:42:41.356
5497558139205|265993852991570344|2022-08-04 07:31:23.881
6597069766929|265993852991570283|2022-08-04 12:06:14.388
12094627905679|265993852991570104|2022-08-04 17:17:35.549
13194139533384|266275327968280665|2022-08-05 11:04:59.593
12094627906048|266275327968281256|2022-08-05 12:52:02.078
10995116277939|266556802944991467|2022-08-06 20:29:04.01
7696581395075|266838277921702751|2022-08-07 07:37:31.795
5497558138886|266838277921701897|2022-08-07 07:58:30.29
12094627906239|267119752898413493|2022-08-08 07:40:10.528
13194139533886|267119752898413314|2022-08-08 08:57:30.013
12094627905606|267119752898412632|2022-08-08 14:13:39.943
12094627906274|267682702851834857|2022-08-10 17:57:55.212
13194139534097|267964177828545576|2022-08-11 03:24:08.848
6597069767500|267964177828545665|2022-08-11 04:39:08.907
12094627906148|267964177828545339|2022-08-11 06:24:33.863
12094627906318|267964177828545571|2022-08-11 09:14:07.135
7696581394775|267964177828544965|2022-08-11 13:06:17.401
8796093022642|267964177828545081|2022-08-11 13:56:27.608
4398046511910|267964177828545613|2022-08-11 18:45:03.033
12094627905553|268245652805255191|2022-08-12 04:02:43.852
1099511628698|268245652805256423|2022-08-12 04:43:28.417
12094627905995|268245652805255775|2022-08-12 05:05:05.535
13194139534228|268527127781967065|2022-08-12 21:51:58.638
2199023256018|268808602758677093|2022-08-14 03:11:52.496
5497558138929|268808602758676551|2022-08-14 03:20:19.498
7696581395140|268808602758677437|2022-08-14 07:22:50.258
9895604650737|269090077735388163|2022-08-14 23:54:41.593
12094627906337|269090077735388229|2022-08-15 00:06:32.728
8796093022652|269090077735387717|2022-08-15 07:35:18.133
961|269090077735388443|2022-08-15 09:09:54.185
13194139534124|269090077735388245|2022-08-15 13:30:56.407
5497558139019|269371552712097973|2022-08-16 08:15:49.412
10995116277886|269371552712097951|2022-08-16 14:21:59.071
3298534884053|269371552712098779|2022-08-16 14:38:21.05
13194139533386|269371552712097887|2022-08-16 17:48:27.145
3298534883458|269653027688808615|2022-08-17 15:20:25.532
12094627906006|269934502665519730|2022-08-17 21:37:17.088
12094627905995|269934502665519709|2022-08-17 23:38:52.556
12094627905696|269934502665519311|2022-08-18 00:12:04.911
13194139533886|269934502665519875|2022-08-18 20:58:36.145
8796093022248|270215977642229820|2022-08-19 02:59:42.837
3298534883856|270215977642230461|2022-08-19 03:32:51.189
1099511628006|270215977642230069|2022-08-19 14:08:21.55
12094627906006|270497452618941044|2022-08-19 21:11:00.348
5497558139640|270497452618941454|2022-08-20 01:34:10.77
12094627906014|270778927595651708|2022-08-21 04:33:38.073
9895604650495|270778927595651751|2022-08-21 12:42:32.427
616|270778927595651904|2022-08-21 15:47:49.518
9895604650630|270778927595651936|2022-08-21 18:31:33.325
13194139534224|271060402572362964|2022-08-21 21:39:14.497
6597069767418|271060402572362768|2022-08-21 22:17:29.535
13194139533770|271060402572362329|2022-08-21 23:57:26.13
2199023256122|271060402572362490|2022-08-22 02:02:00.937
3298534884142|271060402572362840|2022-08-22 03:09:36.874
10995116278494|271060402572362726|2022-08-22 04:40:39.947
3298534884053|271060402572362716|2022-08-22 14:50:40.733
5497558138886|271060402572361736|2022-08-22 14:55:22.149
10995116278262|271341877549073046|2022-08-23 13:46:24.4
12094627905705|271341877549072603|2022-08-23 20:17:44.269
10995116278069|271623352525783442|2022-08-24 05:29:45.658
13194139533817|271623352525783707|2022-08-24 06:49:39.415
8796093022439|271623352525783351|2022-08-24 17:21:23.723
13194139533905|271623352525783841|2022-08-24 20:31:55.823
5497558139731|271904827502494857|2022-08-25 14:35:02.953
12094627905713|271904827502493927|2022-08-25 15:07:51.121
10995116278128|272186302479204844|2022-08-26 05:08:21.562
10995116277790|272186302479204392|2022-08-26 07:25:57.511
12094627906283|272186302479205368|2022-08-26 07:43:54.306
13194139533430|272186302479204497|2022-08-26 09:07:49.37
10995116278307|272186302479205083|2022-08-26 12:29:33.061
10995116278069|272186302479204755|2022-08-26 17:56:50.188
9895604650903|272467777455916255|2022-08-27 03:58:08.437
9895604650015|272467777455915049|2022-08-27 05:57:52.244
10995116278647|272467777455916214|2022-08-27 16:32:34.975
7696581395365|272467777455916286|2022-08-27 18:42:40.182
12094627906520|272467777455916355|2022-08-27 19:11:02.848
13194139533588|272749252432626031|2022-08-27 23:20:27.278
4398046511208|272749252432625789|2022-08-28 06:03:25.429
12094627906174|272749252432626519|2022-08-28 06:55:46.686
7696581395140|272749252432626619|2022-08-28 07:23:41.516
13194139533905|272749252432626464|2022-08-28 14:53:03.289
7696581394946|273030727409337008|2022-08-28 23:02:36.079
10995116277817|273030727409336396|2022-08-28 23:33:11.7
12094627906337|273030727409337411|2022-08-29 11:07:14.669
10995116278262|273030727409336981|2022-08-29 13:35:04.445
9895604650966|273030727409337660|2022-08-29 15:36:56.863
13194139533895|273312202386047757|2022-08-30 19:42:53.684
9895604650639|273593677362758505|2022-08-30 23:10:08.371
4398046511856|274156627316179968|2022-09-02 07:30:43.092
8796093022532|274438102292890023|2022-09-02 21:46:55.235
12094627906450|274438102292890838|2022-09-03 02:14:07.001
7696581394541|274438102292889730|2022-09-03 09:43:59.805
5497558139123|274438102292889930|2022-09-03 16:39:33.957
10995116278035|274719577269600621|2022-09-03 21:32:51.01
8796093022841|274719577269601105|2022-09-04 02:28:51.873
2199023256480|274719577269601523|2022-09-04 07:53:53.135
10995116278366|274719577269601079|2022-09-04 16:45:05.535
3298534883821|275001052246311560|2022-09-04 22:10:14.996
12094627906283|275001052246311927|2022-09-05 03:56:23.738
10995116278005|275282527223021900|2022-09-06 01:46:36.03
3298534884188|275282527223022743|2022-09-06 13:29:09.907
13194139534228|275564002199733466|2022-09-07 08:41:10.052
1099511628377|275845477176443696|2022-09-08 05:37:13.274
13194139534252|275845477176444166|2022-09-08 09:21:04.115
9895604650915|275845477176444153|2022-09-08 09:28:03.917
1099511628134|275845477176443348|2022-09-08 10:49:10.038
10995116278747|275845477176444233|2022-09-08 18:08:03.355
705|276126952153154488|2022-09-09 00:14:46.736
4398046511337|276126952153153850|2022-09-09 02:43:32.069
10995116278200|276126952153154112|2022-09-09 08:37:43.769
12094627905696|276126952153153744|2022-09-09 11:50:19.642
13194139534298|276126952153154886|2022-09-09 15:03:04.953
12094627905538|276126952153153539|2022-09-09 16:29:21.407
10995116278390|276126952153154383|2022-09-09 18:04:59.826
8796093022294|276126952153153641|2022-09-09 18:38:36.764
7696581394856|276126952153154090|2022-09-09 18:45:11.322
10995116278128|276408427129864681|2022-09-10 08:44:02.97
3298534884097|276689902106575896|2022-09-10 22:40:40.839
10995116278634|276689902106576031|2022-09-11 03:40:43.867
10995116278747|276689902106576202|2022-09-11 07:17:37.562
12094627905617|276971377083285603|2022-09-12 00:59:58.351
10995116278168|276971377083286042|2022-09-12 07:41:20.417
9895604650966|276971377083286845|2022-09-12 11:23:55.512
9895604650737|276971377083286532|2022-09-12 14:09:42.05
5497558139568|276971377083286431|2022-09-12 19:09:06.168
13194139533965|277252852059997030|2022-09-13 02:04:33.233
13194139533384|277252852059996250|2022-09-13 02:24:51.029
13194139533817|277252852059996826|2022-09-13 03:36:39.353
13194139534298|277252852059997511|2022-09-13 05:58:54.449
13194139534224|277252852059997395|2022-09-13 16:25:22.432
3298534883738|277534327036707361|2022-09-14 00:10:25.951
12094627905851|277534327036707226|2022-09-14 05:44:09.981
9895604650677|277534327036707746|2022-09-14 13:37:12.374
12094627906336|277534327036707906|2022-09-14 15:07:53.745
4398046511910|277815802013418572|2022-09-15 01:27:53.347
8796093022534|277815802013417900|2022-09-15 17:30:07.661
10995116278005|278097276990128462|2022-09-16 17:24:05.674
7696581394936|278097276990128791|2022-09-16 18:37:32.914
8796093022227|278378751966838809|2022-09-17 14:06:34.619
10995116278119|278378751966839257|2022-09-17 19:19:26.957
5497558139629|278660226943550457|2022-09-17 22:57:45.653
9895604650105|278660226943549593|2022-09-18 04:52:24.033
13194139534224|278941701920261329|2022-09-18 22:27:22.611
9895604650903|278941701920261345|2022-09-19 10:10:47.109
13194139534055|278941701920261109|2022-09-19 14:02:51.817
12094627906337|279223176896971844|2022-09-20 03:21:50.934
13194139534097|279223176896971813|2022-09-20 07:06:58.374
2199023256020|279223176896971372|2022-09-20 09:42:08.609
14293651162020|279223176896972028|2022-09-20 13:28:38.624
13194139534298|279504651873682757|2022-09-21 11:56:00.341
6597069767101|279504651873681991|2022-09-21 19:19:17.687
4398046511714|279786126850392889|2022-09-22 01:21:22.159
13194139533597|279786126850392440|2022-09-22 12:16:51.267
8796093022588|280067601827103227|2022-09-23 10:52:37.619
2199023256009|280067601827103319|2022-09-23 12:38:15.31
10995116278685|280349076803814636|2022-09-23 22:15:41.845
12094627905797|280349076803813725|2022-09-24 07:47:09.369
7696581394469|280349076803813429|2022-09-24 15:05:03.537
616|280349076803814209|2022-09-24 20:51:47.765
6597069767062|280630551780524567|2022-09-25 00:20:19.325
13194139533977|280630551780524917|2022-09-25 02:04:58.892
12094627906519|280630551780525374|2022-09-25 17:38:28.638
2199023256478|280630551780525293|2022-09-25 19:01:34.692
12094627906431|280912026757235905|2022-09-26 03:04:50.087
13194139533822|280912026757235366|2022-09-26 11:00:15.596
9895604650504|280912026757235380|2022-09-26 13:18:11.578
10995116277939|280912026757234921|2022-09-26 17:32:09.493
2199023255941|281193501733945864|2022-09-27 14:02:58.773
13194139534311|281193501733946709|2022-09-27 18:03:43.062
2199023256282|281193501733946335|2022-09-27 18:35:08.747
13194139533567|281474976710656343|2022-09-27 22:13:34.296
6597069767042|281474976710656513|2022-09-28 04:03:41.371
3298534884056|281474976710656990|2022-09-28 20:51:31.061
13194139534110|281756451687367740|2022-09-29 05:47:31.299
9895604650903|281756451687367906|2022-09-29 05:50:42.776
739|281756451687367658|2022-09-29 11:39:40.506
13194139533981|281756451687367545|2022-09-29 18:17:32.3
6597069767500|282037926664078464|2022-09-30 04:00:11.599
13194139533588|282037926664077680|2022-09-30 04:28:39.061
12094627906215|282037926664078222|2022-09-30 04:38:57.003
13194139533597|282037926664077689|2022-09-30 16:45:47.124
9895604650341|282319401640788432|2022-10-01 04:04:11.304
7696581394549|282319401640788110|2022-10-01 18:26:45.265
12094627906174|282600876617499478|2022-10-02 00:05:22.888
6597069766809|282600876617498823|2022-10-02 00:19:03.395
3298534883698|282600876617499120|2022-10-02 02:30:55.955
1099511628219|282600876617499202|2022-10-02 14:50:13.093
7696581394748|282600876617499036|2022-10-02 21:18:06.333
6597069767592|282882351594210560|2022-10-03 02:45:51.533
13194139533770|282882351594209884|2022-10-03 16:01:38.419
8796093022534|282882351594209705|2022-10-03 20:51:47.962
9895604650966|283163826570921275|2022-10-04 13:23:58.548
598|283163826570920746|2022-10-04 15:13:21.227
10995116277939|283445301547630826|2022-10-05 07:55:05.231
1099511628614|283445301547631733|2022-10-05 14:08:59.445
13194139534055|283445301547631604|2022-10-05 19:06:25.401
13194139534290|283445301547631925|2022-10-05 20:18:01.182
14293651161583|283726776524341899|2022-10-05 22:59:58.804
14293651162047|283726776524342550|2022-10-05 23:30:05.745
14293651161970|283726776524342444|2022-10-06 13:33:34.109
10995116278606|284008251501053061|2022-10-07 03:51:36.94
1099511628720|284008251501053192|2022-10-07 04:03:28.805
13194139533466|284008251501052106|2022-10-07 17:42:51.551
14293651162063|284289726477763888|2022-10-08 02:36:11.318
8796093022519|284289726477762967|2022-10-08 05:38:23.221
8796093022276|284289726477762646|2022-10-08 06:00:27.415
9895604650082|284289726477762677|2022-10-08 19:11:20.389
14293651161907|284571201454474339|2022-10-09 06:56:37.121
13194139534097|284571201454474279|2022-10-09 17:41:41.688
4398046511556|284571201454473806|2022-10-09 21:43:12.417
9895604650281|284852676431184265|2022-10-09 23:11:01.698
10995116278418|284852676431184749|2022-10-10 18:26:13.784
14293651161270|284852676431184113|2022-10-10 21:11:49.243
12094627906520|285134151407895876|2022-10-10 22:34:56.593
14293651161967|285134151407895721|2022-10-11 06:09:30.376
14293651161377|285134151407894913|2022-10-11 15:11:47.652
10995116278345|285415626384605972|2022-10-12 13:30:04.331
13194139534055|285415626384606195|2022-10-12 19:12:50.691
12094627906006|285697101361316465|2022-10-13 06:19:26.708
12094627906420|285697101361317040|2022-10-13 09:17:20.375
13194139533895|285697101361316623|2022-10-13 18:28:57.332
12094627905722|285978576338026742|2022-10-14 12:22:55.061
8796093022735|286260051314737849|2022-10-15 00:45:49.893
14293651162047|286541526291449111|2022-10-16 04:21:27.011
10995116278035|286541526291448174|2022-10-16 11:09:16.368
12094627905553|286541526291447829|2022-10-16 16:13:32.04
14293651161805|286823001268159433|2022-10-17 01:32:30.943
10995116278286|286823001268159160|2022-10-17 04:49:09.682
13194139533459|286823001268158652|2022-10-17 12:42:12.529
6597069767490|287104476244870258|2022-10-17 23:30:43.048
1099511628390|287104476244869950|2022-10-18 00:07:04.377
12094627906519|287104476244870465|2022-10-18 13:43:00.283
14293651161980|287104476244870335|2022-10-18 14:39:28.712
14293651161675|287667426198291223|2022-10-20 02:41:57.195
9895604650315|287667426198290862|2022-10-20 04:44:37.91
10995116278569|287667426198291538|2022-10-20 13:00:26
14293651162047|287948901175002392|2022-10-21 02:10:48.931
3298534884051|287948901175002073|2022-10-21 03:15:23.618
719|287948901175002061|2022-10-21 19:41:44.897
790|288230376151712815|2022-10-21 23:52:03.479
14293651161970|288230376151712943|2022-10-22 04:29:03.918
9895604650015|288230376151711787|2022-10-22 17:01:37.753
12094627905617|288511851128422498|2022-10-23 05:57:55.237
14293651161520|288511851128422964|2022-10-23 13:03:25.418
14293651161249|288511851128422609|2022-10-23 16:19:00.805
13194139533784|288793326105133686|2022-10-24 03:11:00.095
6597069767500|288793326105134206|2022-10-24 06:44:14.075
5497558139102|289074801081844006|2022-10-25 01:02:03.261
13194139533448|289074801081843890|2022-10-25 04:19:12.989
10995116278726|289074801081845027|2022-10-25 05:48:39.566
12094627905903|289074801081844198|2022-10-25 16:48:29.559
12094627906318|289074801081844772|2022-10-25 22:07:56.263
9895604650639|289356276058555242|2022-10-26 05:19:40.415
5497558139679|289356276058555457|2022-10-26 20:10:41.046
7696581394963|289356276058555072|2022-10-26 22:29:49.856
14293651162020|289637751035266299|2022-10-27 03:57:17.052
4398046511436|289637751035265457|2022-10-27 04:12:39.579
4398046511933|289637751035266159|2022-10-27 05:13:49.637
10995116278307|289637751035265753|2022-10-27 21:30:21.051
616|289919226011976514|2022-10-28 02:25:00.057
14293651161421|289919226011976117|2022-10-28 03:40:11.357
13194139533770|289919226011976282|2022-10-28 09:34:37.421
14293651161249|289919226011975892|2022-10-28 12:58:08.751
14293651161450|289919226011976156|2022-10-28 19:02:10.647
14293651161970|290200700988687534|2022-10-29 13:55:52.809
14293651161377|290200700988686722|2022-10-29 16:01:06.722
6597069766826|290200700988686558|2022-10-29 18:59:59.899
12094627905538|290482175965396996|2022-10-30 04:50:10.257
13194139534290|290482175965398328|2022-10-30 16:47:19.413
3298534884142|290482175965398106|2022-10-30 22:31:29.44
14293651161805|290763650942108615|2022-10-31 07:43:37.744
14293651161423|290763650942108089|2022-10-31 08:56:01.61
6597069767366|291045125918819265|2022-11-01 00:16:36.7
13194139534176|291045125918819480|2022-11-01 03:25:02.823
10995116278052|291045125918818691|2022-11-01 11:36:00.658
12094627906215|291045125918819213|2022-11-01 13:22:20.324
12094627906157|291045125918819146|2022-11-01 13:42:57.847
10995116278436|291045125918819205|2022-11-01 19:50:06.482
5497558139345|291045125918818915|2022-11-01 20:57:58.798
6597069766809|291326600895529158|2022-11-01 23:25:43.983
14293651161876|291326600895530027|2022-11-02 05:53:34.932
13194139534189|291326600895530147|2022-11-02 13:17:06.144
2199023256008|291608075872240213|2022-11-02 23:55:11.853
14293651161805|291608075872240582|2022-11-03 00:00:30.498
14293651161797|291608075872240576|2022-11-03 00:58:28.427
7696581395018|291608075872240405|2022-11-03 05:11:17.223
10995116278450|291608075872240545|2022-11-03 12:12:38.957
8796093022532|291608075872240038|2022-11-03 13:37:00.03
13194139534189|291889550848951460|2022-11-04 10:11:29.554
14293651162051|292171025825662239|2022-11-05 01:49:35.404
10995116278569|292171025825662033|2022-11-05 04:41:26.627
5497558139648|292171025825661974|2022-11-05 17:38:33.211
13194139534189|292733975779083430|2022-11-07 06:41:24.527
12094627905746|292733975779082517|2022-11-07 11:50:37.418
14293651161315|292733975779082543|2022-11-07 13:22:58.584
8796093022588|292733975779082749|2022-11-07 16:08:09.415
14293651161249|292733975779082450|2022-11-07 19:15:18.426
13194139534252|292733975779083527|2022-11-07 20:27:04.543
14293651161568|292733975779082877|2022-11-07 21:44:17.725
13194139533895|293015450755793678|2022-11-08 00:49:52.382
7696581394549|293015450755793037|2022-11-08 07:04:47.204
14293651161289|293015450755793161|2022-11-08 11:29:47.972
12094627905606|293015450755792983|2022-11-08 14:57:21.124
9895604650272|293015450755793279|2022-11-08 17:02:34.279
6597069767511|293296925732504719|2022-11-09 02:44:35.024
9895604650513|293296925732504255|2022-11-09 12:34:34.328
8796093022370|293296925732503765|2022-11-09 22:38:43.051
12094627906436|293578400709215434|2022-11-10 00:35:58.842
6597069767062|293578400709214742|2022-11-10 05:01:26.966
12094627905553|293578400709214230|2022-11-10 14:17:07.148
7696581395059|293578400709215054|2022-11-10 19:07:14.881
7696581394549|293578400709214351|2022-11-10 20:21:10.327
9895604650008|293578400709214237|2022-11-10 20:28:08.762
13194139533905|293859875685925666|2022-11-11 01:15:15.332
13194139534110|293859875685925947|2022-11-11 07:55:28.466
9895604650315|293859875685925293|2022-11-11 15:08:08.766
14293651162055|293859875685926181|2022-11-11 16:27:29.894
8796093023099|293859875685926077|2022-11-11 17:21:38.483
13194139533459|294141350662635707|2022-11-12 09:48:20.91
6597069766788|294141350662635689|2022-11-12 10:59:34.842
14293651161294|294141350662635795|2022-11-12 15:17:36.567
1099511628517|294141350662636528|2022-11-12 20:16:18.711
14293651161786|294422825639347112|2022-11-13 06:33:28.822
14293651161864|294422825639347229|2022-11-13 21:18:44.636
2199023255724|294704300616057055|2022-11-14 08:38:31.539
8796093022735|294704300616057531|2022-11-14 13:24:55.637
14293651161294|294704300616057106|2022-11-14 17:04:59.627
10995116278119|294985775592767960|2022-11-15 19:49:35.842
2199023256223|295267250569479036|2022-11-16 00:37:00.88
3298534883645|295267250569478559|2022-11-16 03:16:17.537
14293651161904|295267250569479260|2022-11-16 07:07:36.31
2199023255833|295267250569478516|2022-11-16 11:13:27.718
7696581394856|295267250569478697|2022-11-16 12:46:19.338
13194139533597|295267250569478519|2022-11-16 16:09:13.676
10995116278119|295267250569478618|2022-11-16 18:42:29.537
14293651162062|295267250569479470|2022-11-16 19:34:05.153
6597069767342|295548725546189725|2022-11-17 03:45:23.202
13194139534311|295548725546190163|2022-11-17 07:34:36.768
14293651161574|295548725546189444|2022-11-17 08:58:26.256
10995116278518|295548725546189833|2022-11-17 09:58:45.178
14293651161535|295548725546189386|2022-11-17 10:33:19.222
961|295548725546190108|2022-11-17 15:36:43.041
7696581394565|295548725546188970|2022-11-17 20:33:40.088
14293651161450|295548725546189277|2022-11-17 21:42:00.679
9895604650231|295548725546189137|2022-11-17 22:45:18.241
13194139533446|296111675499610284|2022-11-19 01:30:50.979
13194139533977|296111675499610998|2022-11-19 03:02:57.047
4398046511975|296111675499611293|2022-11-19 09:16:48.954
14293651162015|296111675499611375|2022-11-19 19:43:09.626
14293651161171|296393150476320871|2022-11-20 04:18:14.193
13194139533886|296393150476321537|2022-11-20 04:36:14.67
14293651161574|296393150476321411|2022-11-20 17:25:30.394
13194139534055|296674625453032438|2022-11-20 23:13:37.138
14293651161423|296674625453031864|2022-11-21 14:22:24.302
14293651161649|296956100429742833|2022-11-21 23:48:05.884
14293651161421|296956100429742516|2022-11-22 00:34:37.159
14293651162055|296956100429743400|2022-11-22 04:52:41.387
14293651161649|296956100429742831|2022-11-22 05:04:58.882
14293651161289|296956100429742346|2022-11-22 09:41:38.296
14293651161665|296956100429742858|2022-11-22 21:31:22.087
10995116278645|296956100429743282|2022-11-22 22:24:35.741
10995116278747|297237575406454092|2022-11-23 03:32:51.256
9895604650151|297237575406452953|2022-11-23 09:32:02.025
7696581395350|297237575406453982|2022-11-23 14:47:42.553
14293651161171|297237575406452838|2022-11-23 15:53:13.154
2199023256282|297237575406453728|2022-11-23 18:32:00.035
13194139533510|297519050383163655|2022-11-24 07:45:43.336
4398046511192|297519050383163498|2022-11-24 09:14:33.929
14293651161421|297519050383163827|2022-11-24 15:16:41.813
14293651161907|297519050383164513|2022-11-24 19:13:40.826
13194139534228|297519050383164636|2022-11-24 23:11:05.926
14293651161323|297800525359874366|2022-11-25 01:37:00.621
13194139533801|297800525359874695|2022-11-25 03:19:00.048
13194139533770|297800525359874651|2022-11-25 07:29:05.325
14293651161450|297800525359874523|2022-11-25 09:36:25.469
13194139534189|297800525359875237|2022-11-25 15:58:58.714
4398046511803|297800525359874986|2022-11-25 16:15:59.771
14293651161879|297800525359875122|2022-11-25 19:02:43.229
13194139533765|297800525359874639|2022-11-25 19:39:23.198
12094627905985|298082000336585292|2022-11-26 00:22:26.392
14293651161970|298082000336585901|2022-11-26 02:22:26.29
13194139534290|298082000336586039|2022-11-26 11:03:50.346
14293651161680|298082000336585503|2022-11-26 19:05:47.025
13194139533448|298363475313295537|2022-11-27 06:52:52.139
9895604650238|298363475313295702|2022-11-27 09:26:49.928
12094627905646|298363475313295493|2022-11-27 09:57:13.905
9895604650315|298363475313295791|2022-11-27 11:56:06.336
2199023255568|298644950290006035|2022-11-28 01:29:46.273
10995116278518|298644950290007050|2022-11-28 07:10:41.595
14293651161100|298644950290006030|2022-11-28 08:33:14.21
13194139534290|298644950290007350|2022-11-28 09:22:34.245
1099511628720|298644950290007305|2022-11-28 13:33:17.679
13194139533822|298644950290006693|2022-11-28 15:31:22.074
