mediumId|mediumType|isBlocked|createTime
356|PHONE|false|2020-01-01 13:44:29.852
1012|PHONE|false|2020-01-02 19:58:29.733
367|NFC|false|2020-01-03 20:28:17.097
474|IPv4|false|2020-01-05 06:19:10.597
1324|POS|false|2020-01-05 08:16:24.877
1479|MAC|false|2020-01-08 10:16:46.5
1096|RFID|false|2020-01-08 10:48:18.933
639|MAC|false|2020-01-08 15:52:00.043
1276|QRCode|false|2020-01-08 18:47:29.474
1477|NFC|false|2020-01-11 09:43:17.037
440|ATM|false|2020-01-11 14:47:44.237
928|IPv4|false|2020-01-12 15:14:36.754
397|IPv4|false|2020-01-12 23:46:57.958
240|RFID|false|2020-01-14 09:41:01.037
884|MAC|false|2020-01-14 12:45:03.753
633|ATM|false|2020-01-15 11:43:41.691
159|QRCode|true|2020-01-16 01:29:15.046
467|POS|false|2020-01-17 00:02:19.569
648|RFID|false|2020-01-17 01:18:06.459
182|WIFI|false|2020-01-18 01:09:55.577
1425|QRCode|false|2020-01-18 06:40:58.01
904|QRCode|false|2020-01-18 14:27:15.782
1298|ATM|false|2020-01-18 16:59:00.403
568|IPv6|false|2020-01-20 19:52:09.681
1311|WIFI|false|2020-01-21 06:47:53.156
1184|ATM|false|2020-01-21 14:45:06.929
897|IPv6|false|2020-01-21 18:11:38.194
1211|PHONE|false|2020-01-23 11:17:01.809
184|WIFI|false|2020-01-24 04:09:21.307
1048|NFC|false|2020-01-25 06:58:22.344
20|QRCode|false|2020-01-26 01:04:09.683
582|QRCode|false|2020-01-26 03:09:39.154
573|NFC|false|2020-01-26 19:41:19.446
1043|QRCode|false|2020-01-27 16:19:10.254
699|PHONE|false|2020-01-28 02:25:03.88
318|RFID|false|2020-01-29 02:39:08.167
282|WIFI|true|2020-01-29 07:23:13.702
95|QRCode|true|2020-01-30 20:58:52.11
1072|RFID|false|2020-01-31 07:23:39.53
630|PHONE|false|2020-01-31 13:09:56.582
344|NFC|true|2020-01-31 13:31:33.795
772|IPv6|false|2020-02-01 00:18:40.461
758|NFC|false|2020-02-01 03:33:01.857
675|POS|false|2020-02-01 07:23:09.956
1219|RFID|false|2020-02-01 23:46:01.736
640|QRCode|false|2020-02-02 07:21:53.064
236|QRCode|false|2020-02-02 08:00:59.429
986|NFC|false|2020-02-02 18:04:07.827
804|WIFI|false|2020-02-03 06:04:49.95
294|ATM|false|2020-02-03 13:27:17.474
1185|ATM|false|2020-02-04 08:17:58.182
1246|ATM|false|2020-02-04 11:37:30.835
481|QRCode|false|2020-02-05 15:54:19.967
530|POS|false|2020-02-06 05:51:04.454
1456|IPv4|false|2020-02-06 11:59:05.514
576|IPv4|false|2020-02-06 13:24:45.983
1178|RFID|false|2020-02-06 23:44:54.273
1328|ATM|false|2020-02-07 14:23:09.67
1107|PHONE|false|2020-02-07 20:19:34.581
1095|IPv6|false|2020-02-08 02:50:25.722
946|QRCode|false|2020-02-08 21:24:06.856
1337|IPv4|false|2020-02-10 06:28:38.795
134|NFC|false|2020-02-11 04:08:59.488
189|MAC|false|2020-02-11 07:39:27.654
1126|MAC|false|2020-02-13 05:16:40.003
1341|WIFI|false|2020-02-13 20:04:45.299
0|WIFI|false|2020-02-14 01:42:00.946
768|PHONE|false|2020-02-14 17:06:48.618
413|POS|false|2020-02-15 01:52:36.083
700|IPv6|false|2020-02-15 03:42:34.639
219|ATM|false|2020-02-15 14:35:33.709
1487|POS|false|2020-02-16 10:12:13.523
1451|WIFI|false|2020-02-18 04:20:51.875
93|QRCode|false|2020-02-19 15:55:49.302
456|ATM|false|2020-02-19 19:28:04.406
96|IPv4|false|2020-02-20 00:38:03.697
1366|PHONE|false|2020-02-20 20:20:39.087
1103|ATM|false|2020-02-21 06:21:46.968
1075|QRCode|true|2020-02-21 07:14:40.582
1067|ATM|false|2020-02-23 09:48:44.713
703|ATM|false|2020-02-23 17:57:06.224
127|QRCode|false|2020-02-24 04:10:16.797
207|ATM|false|2020-02-25 01:21:32.332
868|IPv4|false|2020-02-25 23:48:27.88
1457|NFC|false|2020-02-26 20:25:19.164
502|WIFI|false|2020-02-26 21:50:10.195
423|RFID|false|2020-02-27 14:49:06.725
645|RFID|false|2020-02-29 04:29:26.771
1318|WIFI|false|2020-03-01 08:44:48.103
1032|ATM|false|2020-03-02 19:19:00.406
1333|PHONE|false|2020-03-04 03:19:56.263
170|ATM|false|2020-03-04 08:02:49.994
323|PHONE|false|2020-03-05 05:32:38.026
477|RFID|false|2020-03-07 11:32:17.4
1490|WIFI|false|2020-03-08 12:43:10.723
1086|IPv6|false|2020-03-08 17:03:16.161
1112|IPv4|true|2020-03-10 00:14:00.388
1369|NFC|false|2020-03-10 04:34:26.017
719|IPv6|false|2020-03-10 19:36:36.977
13|RFID|true|2020-03-10 20:32:37.353
847|IPv4|false|2020-03-11 10:03:39.383
1476|RFID|false|2020-03-14 07:33:17.327
1452|RFID|false|2020-03-15 12:30:12.909
547|MAC|false|2020-03-16 14:07:38.104
4398046511418|NFC|false|2020-03-16 23:17:16.53
4398046511382|MAC|false|2020-03-18 15:03:39.028
4398046511457|MAC|false|2020-03-19 06:24:41.866
4398046511253|MAC|false|2020-03-19 22:09:50.339
4398046511185|PHONE|false|2020-03-20 07:35:39.248
4398046511163|IPv6|false|2020-03-22 05:40:01.914
4398046511945|NFC|false|2020-03-23 02:00:01.472
4398046511189|PHONE|false|2020-03-23 04:10:21.535
4398046512065|NFC|false|2020-03-23 18:31:59.167
4398046511990|POS|false|2020-03-23 19:59:19.237
4398046511514|ATM|false|2020-03-24 18:21:11.121
4398046512079|PHONE|false|2020-03-25 10:21:17.658
4398046511761|ATM|false|2020-03-26 15:39:21.562
4398046512192|IPv6|false|2020-03-27 10:31:49.727
4398046512124|WIFI|false|2020-03-27 19:51:46.426
4398046512566|ATM|true|2020-03-28 14:32:27.623
4398046512411|MAC|true|2020-04-01 03:49:56.863
4398046512394|RFID|false|2020-04-02 01:53:17.655
4398046512360|NFC|false|2020-04-02 17:20:08.317
4398046512472|PHONE|false|2020-04-02 23:13:44.628
4398046512196|QRCode|false|2020-04-03 09:05:45.735
4398046512177|IPv6|false|2020-04-03 09:47:14.122
4398046511605|IPv6|false|2020-04-04 13:52:43.67
4398046511423|POS|false|2020-04-04 20:00:15.743
4398046512586|WIFI|false|2020-04-05 10:59:27.955
4398046512048|QRCode|false|2020-04-07 02:53:59.901
4398046511421|PHONE|false|2020-04-07 05:04:11.839
4398046511621|ATM|false|2020-04-07 11:01:23.7
4398046512102|IPv6|false|2020-04-07 16:06:37.792
4398046511955|IPv4|false|2020-04-07 18:03:06.85
4398046511663|NFC|false|2020-04-11 08:05:56.895
4398046512351|IPv6|false|2020-04-11 16:13:42.133
4398046512368|QRCode|false|2020-04-12 13:14:29.17
4398046512479|IPv6|false|2020-04-13 00:54:33.535
4398046512416|PHONE|false|2020-04-14 21:30:56.97
4398046511687|RFID|false|2020-04-16 23:45:58.841
4398046511610|MAC|false|2020-04-18 01:23:13.608
4398046511740|WIFI|false|2020-04-18 09:56:58.026
4398046511894|MAC|false|2020-04-19 08:20:35.233
4398046511334|MAC|false|2020-04-19 17:52:34.915
4398046511237|MAC|false|2020-04-19 19:21:57.985
4398046512442|ATM|false|2020-04-20 20:16:33.387
4398046512417|NFC|false|2020-04-20 22:04:05.5
4398046511343|PHONE|false|2020-04-21 14:16:22.99
4398046511360|PHONE|false|2020-04-21 16:48:38.164
4398046511861|NFC|false|2020-04-23 17:23:01.571
4398046511589|PHONE|false|2020-04-24 07:53:55.759
4398046512138|PHONE|false|2020-04-24 14:46:11.338
4398046512372|WIFI|false|2020-04-25 01:15:29.738
4398046511463|NFC|false|2020-04-25 23:39:44.358
4398046511625|RFID|false|2020-04-26 22:08:28.392
4398046511715|ATM|false|2020-04-27 05:15:38.276
4398046511261|IPv6|false|2020-04-28 11:43:58.743
4398046511415|ATM|false|2020-04-28 17:02:48.973
4398046511436|PHONE|false|2020-04-29 12:41:26.696
4398046511913|POS|false|2020-04-29 13:11:40
4398046511296|POS|false|2020-04-30 03:58:36.735
4398046512304|RFID|false|2020-04-30 05:19:14.518
4398046512322|QRCode|false|2020-04-30 13:03:36.275
4398046512045|IPv6|false|2020-04-30 20:37:35.283
4398046511220|ATM|false|2020-05-01 13:11:07.454
4398046511700|NFC|false|2020-05-03 14:37:29.456
4398046512244|POS|false|2020-05-06 12:09:41.872
4398046511178|POS|false|2020-05-06 18:03:37.51
4398046511613|IPv4|false|2020-05-07 13:32:20.149
4398046511664|IPv4|false|2020-05-08 08:14:54.15
4398046511938|IPv4|false|2020-05-08 08:57:50.16
4398046511349|IPv4|false|2020-05-08 12:18:56.605
4398046511765|QRCode|false|2020-05-08 16:56:12.789
4398046512369|IPv4|false|2020-05-09 09:18:51.937
4398046511336|WIFI|false|2020-05-09 17:56:55.051
4398046511769|PHONE|false|2020-05-09 20:06:25.27
4398046511759|PHONE|true|2020-05-09 23:04:24.184
4398046512026|MAC|false|2020-05-10 18:48:01.347
4398046512292|IPv4|false|2020-05-11 10:41:42.899
4398046512342|IPv4|false|2020-05-11 22:59:46.356
4398046512338|NFC|false|2020-05-13 14:26:52.686
4398046511495|POS|false|2020-05-13 16:17:21.168
4398046511973|MAC|false|2020-05-14 07:42:16.057
4398046511594|QRCode|false|2020-05-14 12:20:03.104
4398046511987|QRCode|false|2020-05-14 23:35:27.178
4398046511511|NFC|false|2020-05-15 06:30:25.269
4398046512225|PHONE|false|2020-05-15 06:43:19.632
4398046511695|QRCode|false|2020-05-15 17:19:01.46
4398046511920|MAC|false|2020-05-17 05:49:05.137
4398046511620|PHONE|false|2020-05-17 11:48:14.641
4398046512524|ATM|false|2020-05-17 17:55:44.501
4398046512198|NFC|false|2020-05-18 14:58:43.945
4398046512595|MAC|false|2020-05-19 16:56:20.746
4398046511113|NFC|false|2020-05-20 00:28:00.802
4398046512348|IPv4|false|2020-05-20 06:06:15.307
4398046512559|WIFI|false|2020-05-20 10:39:14.117
4398046511419|IPv4|false|2020-05-20 13:00:13.927
4398046512554|NFC|false|2020-05-21 10:10:39.229
4398046511627|POS|false|2020-05-23 03:51:08.208
4398046512109|POS|false|2020-05-24 09:59:45.507
4398046511229|NFC|false|2020-05-24 20:38:09.466
4398046512294|POS|false|2020-05-25 15:46:52.816
4398046511120|PHONE|false|2020-05-26 14:39:11.141
4398046512325|IPv6|false|2020-05-30 06:27:43.162
4398046511850|IPv6|false|2020-05-30 21:23:31.18
4398046511230|QRCode|false|2020-05-31 02:10:52.017
8796093022553|NFC|false|2020-06-01 02:24:29.809
8796093023581|IPv6|false|2020-06-02 13:04:25.354
8796093023440|IPv6|false|2020-06-03 17:14:55.424
8796093022637|QRCode|false|2020-06-04 03:32:45.362
8796093022433|WIFI|false|2020-06-04 10:34:39.314
8796093022269|PHONE|false|2020-06-04 21:52:20.835
8796093023672|RFID|false|2020-06-05 00:40:39.941
8796093022881|POS|false|2020-06-06 06:01:46.79
8796093022422|IPv6|false|2020-06-06 07:28:16.345
8796093023200|IPv6|false|2020-06-06 11:04:57.089
8796093023492|PHONE|false|2020-06-08 12:20:33.835
8796093022407|NFC|false|2020-06-08 18:53:57.31
8796093022252|IPv4|false|2020-06-09 08:39:58.441
8796093023371|ATM|false|2020-06-10 07:32:40.744
8796093023113|IPv4|false|2020-06-10 16:38:22.78
8796093022428|POS|false|2020-06-11 17:59:43.243
8796093023141|PHONE|false|2020-06-12 06:15:08.853
8796093022373|PHONE|false|2020-06-12 19:31:14.873
8796093023238|POS|false|2020-06-18 10:51:21.933
8796093023598|POS|false|2020-06-18 14:14:32.49
8796093022743|QRCode|false|2020-06-18 16:05:07.768
8796093022818|WIFI|false|2020-06-19 08:26:16.606
8796093023624|PHONE|false|2020-06-19 20:01:14.171
8796093023357|RFID|false|2020-06-20 19:03:33.636
8796093023691|NFC|false|2020-06-20 22:17:47.696
8796093023088|MAC|false|2020-06-22 09:56:45.173
8796093022511|MAC|false|2020-06-25 02:25:22.172
8796093023038|ATM|false|2020-06-25 06:23:42.309
8796093023099|QRCode|false|2020-06-26 03:10:29.833
8796093022601|ATM|false|2020-06-26 06:05:41.437
8796093023599|WIFI|false|2020-06-27 07:06:48.439
8796093023114|QRCode|false|2020-06-27 11:31:18.75
8796093022421|RFID|false|2020-06-27 23:13:55.764
8796093022475|RFID|false|2020-06-28 13:15:36.13
8796093023259|NFC|false|2020-06-28 17:03:42.015
8796093022291|ATM|true|2020-06-30 13:07:00.856
8796093023463|PHONE|false|2020-06-30 17:12:19.342
8796093022702|RFID|false|2020-07-01 04:55:09.663
8796093023326|NFC|false|2020-07-01 10:29:15.96
8796093022545|RFID|false|2020-07-01 20:05:39.639
8796093022351|POS|false|2020-07-02 17:09:11.554
8796093023456|IPv6|false|2020-07-02 20:24:41.579
8796093023422|WIFI|false|2020-07-02 23:02:32.312
8796093022295|RFID|true|2020-07-03 17:34:20.518
8796093023273|NFC|false|2020-07-04 00:40:17.933
8796093022504|NFC|true|2020-07-05 13:29:26.97
8796093022596|MAC|false|2020-07-05 15:06:55.122
8796093023364|NFC|false|2020-07-05 17:20:06.778
8796093023404|ATM|false|2020-07-06 15:33:11.386
8796093022494|PHONE|false|2020-07-09 01:58:26.628
8796093022807|RFID|false|2020-07-09 08:49:09.554
8796093023111|WIFI|false|2020-07-09 12:56:09.8
8796093023411|NFC|true|2020-07-09 18:53:01.983
8796093023271|PHONE|false|2020-07-11 03:36:20.212
8796093023551|PHONE|false|2020-07-13 20:33:41.633
8796093023680|POS|false|2020-07-14 09:00:00.827
8796093022918|NFC|false|2020-07-15 07:01:32.133
8796093023516|NFC|true|2020-07-16 16:44:40.359
8796093022674|WIFI|false|2020-07-18 10:25:39.812
8796093023084|MAC|false|2020-07-18 16:21:53.445
8796093022443|MAC|false|2020-07-19 10:23:38.59
8796093022320|NFC|true|2020-07-20 13:48:03.367
8796093023244|ATM|false|2020-07-20 18:16:02.203
8796093023457|QRCode|false|2020-07-20 19:28:05.374
8796093023327|IPv6|false|2020-07-21 09:46:04.375
8796093023502|PHONE|false|2020-07-21 12:58:11.252
8796093022953|QRCode|false|2020-07-21 21:25:27.05
8796093022638|IPv6|false|2020-07-22 02:56:43.684
8796093022237|NFC|false|2020-07-22 04:43:23.789
8796093022597|IPv4|false|2020-07-22 18:55:22.745
8796093022978|ATM|false|2020-07-22 21:03:33.311
8796093023534|IPv6|false|2020-07-23 09:23:59.027
8796093022255|ATM|false|2020-07-23 22:21:07.297
8796093023344|ATM|false|2020-07-24 12:26:22.298
8796093022775|ATM|false|2020-07-25 16:43:52.815
8796093022924|RFID|false|2020-07-27 10:33:36.79
8796093022379|IPv4|false|2020-07-27 22:46:24.477
8796093022411|ATM|false|2020-07-28 15:53:00.834
8796093023262|POS|false|2020-07-29 03:27:14.936
8796093023325|NFC|false|2020-07-29 12:09:11.173
8796093023003|MAC|false|2020-07-29 12:30:57.529
8796093023435|RFID|false|2020-08-03 00:28:32.888
8796093023145|IPv6|false|2020-08-03 21:48:35.603
8796093022363|PHONE|false|2020-08-05 10:35:20.205
8796093022281|IPv6|true|2020-08-05 22:49:01.411
8796093022318|POS|false|2020-08-06 07:10:38.601
8796093023205|WIFI|false|2020-08-07 07:05:13.364
8796093022541|WIFI|false|2020-08-07 07:14:52.097
8796093022271|IPv6|false|2020-08-07 23:46:21.13
8796093022971|QRCode|false|2020-08-08 11:46:44.409
8796093022677|QRCode|false|2020-08-09 06:14:26.753
8796093023021|IPv4|false|2020-08-09 10:29:07.13
8796093023601|MAC|false|2020-08-10 02:07:05.138
8796093023405|RFID|false|2020-08-10 10:11:27.32
8796093023584|PHONE|false|2020-08-11 20:25:21.102
8796093022747|POS|false|2020-08-12 09:19:42.974
8796093023008|MAC|false|2020-08-12 11:41:38.026
8796093023116|ATM|false|2020-08-14 11:19:02.182
13194139534693|QRCode|false|2020-08-15 22:11:02.266
13194139533613|MAC|false|2020-08-16 02:14:31.534
13194139534049|WIFI|false|2020-08-16 18:14:51.637
13194139534068|QRCode|false|2020-08-17 16:13:43.959
13194139533410|ATM|false|2020-08-17 21:21:51.179
13194139534511|IPv6|false|2020-08-17 23:02:54.436
13194139534426|QRCode|false|2020-08-18 09:06:18.828
13194139534686|WIFI|false|2020-08-18 18:20:19.387
13194139533690|IPv4|false|2020-08-19 02:03:24.66
13194139533617|QRCode|false|2020-08-19 13:58:52.086
13194139534792|NFC|false|2020-08-20 08:42:32.302
13194139534766|ATM|false|2020-08-20 16:50:09.234
13194139533550|IPv6|false|2020-08-21 05:11:25.311
13194139533416|PHONE|true|2020-08-21 13:10:28.644
13194139533875|POS|false|2020-08-22 06:33:59.071
13194139534280|ATM|false|2020-08-22 19:15:31.943
13194139534388|POS|false|2020-08-22 21:27:33.81
13194139534382|IPv4|false|2020-08-23 08:05:11.492
13194139534235|IPv6|false|2020-08-23 12:08:06.174
13194139534083|QRCode|false|2020-08-24 20:26:44.732
13194139533442|IPv6|false|2020-08-25 03:53:17.414
13194139533541|POS|false|2020-08-26 07:12:53.245
13194139534214|WIFI|false|2020-08-26 14:53:11.491
13194139534639|MAC|true|2020-08-26 15:14:56.853
13194139533352|ATM|false|2020-08-26 18:04:52.187
13194139533530|QRCode|false|2020-08-28 10:42:23.65
13194139533798|RFID|false|2020-08-28 12:38:51.92
13194139533418|QRCode|false|2020-08-28 21:00:37.86
13194139533914|ATM|false|2020-08-29 03:03:13.391
13194139533338|IPv6|false|2020-08-29 15:34:12.615
13194139533824|PHONE|false|2020-08-29 19:09:58.337
13194139533994|PHONE|false|2020-08-30 01:09:00.935
13194139534052|NFC|false|2020-08-30 10:15:42.319
13194139534450|ATM|false|2020-08-31 05:58:19.611
13194139534723|QRCode|false|2020-08-31 09:46:37.849
13194139534293|ATM|false|2020-09-01 16:11:20.639
13194139534692|WIFI|false|2020-09-01 17:44:34.472
13194139533876|MAC|false|2020-09-01 19:56:30.306
13194139533335|NFC|false|2020-09-02 22:46:05.768
13194139533406|ATM|false|2020-09-03 11:17:55.785
13194139534467|MAC|false|2020-09-03 13:00:57.149
13194139533607|IPv4|false|2020-09-04 14:08:13.137
13194139534313|POS|false|2020-09-05 01:35:56.973
13194139534617|IPv4|false|2020-09-05 19:26:44.562
13194139533810|MAC|false|2020-09-06 01:26:30.966
13194139533901|PHONE|false|2020-09-06 14:58:01.479
13194139534208|PHONE|false|2020-09-07 02:40:29.231
13194139534136|ATM|false|2020-09-07 06:38:57.69
13194139533749|NFC|false|2020-09-08 08:17:35.335
13194139534593|WIFI|false|2020-09-08 12:39:36.125
13194139533646|POS|false|2020-09-10 21:58:41.339
13194139533517|POS|true|2020-09-12 05:15:10.974
13194139534471|PHONE|false|2020-09-14 03:46:29.718
13194139533870|POS|true|2020-09-14 11:54:42.41
13194139533760|ATM|false|2020-09-16 00:02:37.635
13194139533953|IPv6|false|2020-09-17 03:06:26.865
13194139534564|ATM|false|2020-09-17 03:37:23.315
13194139533344|ATM|false|2020-09-17 15:40:58.846
13194139534589|ATM|false|2020-09-20 20:29:52.506
13194139533661|MAC|false|2020-09-22 12:01:05.57
13194139534694|RFID|false|2020-09-23 18:05:05.894
13194139534291|WIFI|false|2020-09-24 15:13:38.058
13194139533681|WIFI|false|2020-09-24 15:22:58.887
13194139534275|WIFI|false|2020-09-24 19:35:29.728
13194139533562|IPv6|false|2020-09-24 21:31:26.521
13194139534381|WIFI|false|2020-09-25 01:03:32.746
13194139534698|NFC|false|2020-09-25 16:17:01.612
13194139533734|QRCode|false|2020-09-25 21:00:13.674
13194139534632|RFID|false|2020-09-26 03:45:08.741
13194139533862|NFC|false|2020-09-28 04:53:30.542
13194139533776|POS|false|2020-09-30 00:13:55.599
13194139533850|MAC|false|2020-09-30 19:25:27.952
13194139534479|NFC|false|2020-10-01 06:55:37.803
13194139533486|MAC|false|2020-10-01 11:48:42.859
13194139533492|QRCode|false|2020-10-03 09:02:09.563
13194139533390|ATM|false|2020-10-04 13:28:45.725
13194139533662|ATM|false|2020-10-05 09:15:26.795
13194139534254|QRCode|false|2020-10-05 14:03:01.892
13194139533470|POS|false|2020-10-05 17:28:29.315
13194139534750|IPv6|false|2020-10-07 03:03:57.903
13194139534731|NFC|false|2020-10-08 09:21:56.761
13194139533642|IPv6|true|2020-10-09 11:14:40.22
13194139533417|IPv4|false|2020-10-10 00:25:14.503
13194139533447|IPv4|false|2020-10-10 08:43:12.572
13194139533745|RFID|false|2020-10-10 15:31:48.524
13194139533738|QRCode|false|2020-10-10 17:02:55.462
13194139534654|QRCode|false|2020-10-10 19:40:06.611
13194139533913|QRCode|false|2020-10-11 15:59:07.323
13194139534108|NFC|false|2020-10-12 02:20:16.79
13194139533513|RFID|false|2020-10-12 18:01:49.21
13194139534808|MAC|false|2020-10-13 12:21:16.395
13194139533902|RFID|false|2020-10-15 19:47:20.282
13194139534175|POS|false|2020-10-16 10:36:57.881
13194139533346|RFID|false|2020-10-16 16:44:52.396
13194139534035|IPv4|false|2020-10-17 14:42:11.026
13194139534353|PHONE|false|2020-10-18 04:21:28.493
13194139534122|IPv6|false|2020-10-18 12:24:21.989
13194139533757|IPv4|false|2020-10-20 02:02:27.641
13194139534054|IPv4|true|2020-10-20 19:52:44.804
13194139533315|IPv4|false|2020-10-21 03:52:26.654
13194139534373|RFID|false|2020-10-21 14:34:17.155
13194139533832|PHONE|false|2020-10-22 03:05:21.848
13194139534771|QRCode|false|2020-10-22 05:20:29.655
13194139534061|PHONE|false|2020-10-22 10:24:33.377
13194139534584|QRCode|false|2020-10-22 13:11:01.05
13194139534295|IPv6|false|2020-10-22 14:26:24.235
13194139534605|RFID|false|2020-10-22 15:37:42.899
13194139533639|WIFI|false|2020-10-24 06:59:25.304
13194139534796|ATM|false|2020-10-25 07:28:52.04
13194139534756|IPv6|false|2020-10-25 10:27:44.064
13194139533589|WIFI|false|2020-10-26 03:34:59.449
13194139533997|NFC|false|2020-10-27 17:24:56.791
13194139533434|NFC|false|2020-10-28 08:44:21.553
17592186045040|RFID|false|2020-10-31 00:16:47.013
17592186045829|PHONE|false|2020-11-01 16:41:59.973
17592186044782|RFID|false|2020-11-02 15:20:54.718
17592186045243|NFC|false|2020-11-03 12:08:19.797
17592186044527|WIFI|false|2020-11-03 21:57:41.08
17592186044582|QRCode|false|2020-11-04 03:33:07.316
17592186045443|ATM|false|2020-11-05 01:45:13.107
17592186045301|NFC|true|2020-11-05 08:06:31.396
17592186045277|PHONE|false|2020-11-05 12:33:14.652
17592186044579|MAC|false|2020-11-06 05:45:00.851
17592186045640|PHONE|false|2020-11-06 06:55:55.906
17592186044828|IPv6|false|2020-11-06 08:37:18.075
17592186045117|ATM|false|2020-11-07 16:19:13.059
17592186044421|POS|false|2020-11-07 19:08:51.664
17592186044950|IPv4|false|2020-11-08 11:50:25.945
17592186044476|RFID|false|2020-11-08 17:57:26.434
17592186044443|IPv6|false|2020-11-09 02:34:29.764
17592186044837|IPv4|false|2020-11-09 08:23:52.097
17592186044525|NFC|false|2020-11-09 11:23:53.102
17592186045441|MAC|false|2020-11-09 14:33:40.445
17592186044879|QRCode|false|2020-11-09 17:41:11.206
17592186044929|WIFI|false|2020-11-10 09:15:46.471
17592186044457|WIFI|false|2020-11-12 12:16:57.952
17592186045085|RFID|true|2020-11-12 14:21:09.155
17592186045651|WIFI|false|2020-11-12 17:37:55.231
17592186045154|WIFI|false|2020-11-14 04:45:27.249
17592186044622|IPv6|false|2020-11-14 14:41:53.633
17592186044796|WIFI|false|2020-11-17 00:47:36.396
17592186045558|PHONE|false|2020-11-17 10:27:00.005
17592186045326|QRCode|false|2020-11-18 10:30:50.582
17592186045515|WIFI|true|2020-11-19 16:07:45.786
17592186045687|MAC|false|2020-11-20 08:15:07.256
17592186045461|PHONE|false|2020-11-20 11:55:02.322
17592186045589|IPv6|false|2020-11-21 19:27:49.243
17592186045886|QRCode|false|2020-11-22 17:26:30.811
17592186044868|ATM|true|2020-11-23 02:11:28.137
17592186044778|ATM|false|2020-11-23 21:03:33.672
17592186045255|IPv4|false|2020-11-23 21:50:23.147
17592186045658|ATM|false|2020-11-24 14:45:19.788
17592186045816|MAC|false|2020-11-25 16:29:42.699
17592186044449|PHONE|false|2020-11-27 14:04:24.688
17592186045131|IPv4|false|2020-11-27 23:23:43.602
17592186044920|IPv6|false|2020-11-28 07:17:55.18
17592186045113|ATM|false|2020-11-29 04:20:07.246
17592186045332|NFC|false|2020-11-30 00:59:59.761
17592186045354|ATM|false|2020-12-02 01:03:49.431
17592186044776|NFC|false|2020-12-02 02:05:40.791
17592186044701|IPv4|false|2020-12-02 11:34:21.528
17592186044786|IPv4|false|2020-12-04 01:21:28.097
17592186044720|IPv6|true|2020-12-04 16:16:40.163
17592186045689|NFC|false|2020-12-04 22:20:48.825
17592186045258|PHONE|true|2020-12-06 17:27:19.18
17592186045577|NFC|false|2020-12-07 02:09:57.724
17592186044610|QRCode|false|2020-12-08 01:05:32.956
17592186045410|IPv4|false|2020-12-08 01:41:11.062
17592186045750|NFC|false|2020-12-08 12:50:25.948
17592186045333|NFC|false|2020-12-08 21:29:23.554
17592186045094|IPv6|false|2020-12-09 08:29:55.58
17592186045842|MAC|false|2020-12-10 01:28:18.929
17592186045559|WIFI|false|2020-12-10 19:13:55.703
17592186045726|POS|false|2020-12-11 22:28:37.376
17592186045359|QRCode|false|2020-12-12 06:53:39.596
17592186045788|PHONE|false|2020-12-13 01:58:40.054
17592186045543|MAC|false|2020-12-14 09:05:45.398
17592186045805|QRCode|false|2020-12-15 00:27:07.971
17592186045531|PHONE|false|2020-12-15 10:25:50.464
17592186044576|MAC|false|2020-12-15 23:45:57.234
17592186044471|IPv6|false|2020-12-16 09:57:49.58
17592186044437|RFID|false|2020-12-17 16:22:43.761
17592186045695|NFC|false|2020-12-20 21:09:57.314
17592186044834|WIFI|false|2020-12-21 15:58:34.71
17592186045366|NFC|false|2020-12-22 00:21:07.371
17592186045449|IPv4|false|2020-12-22 13:34:04.025
17592186045008|ATM|false|2020-12-23 08:18:09.05
17592186045425|RFID|false|2020-12-24 05:04:54.619
17592186045037|WIFI|false|2020-12-24 05:47:18.67
17592186045254|IPv6|false|2020-12-25 17:33:03.136
17592186044987|RFID|false|2020-12-26 03:24:51.137
17592186045269|ATM|false|2020-12-27 03:43:27.334
17592186045555|RFID|false|2020-12-29 18:26:28.266
17592186045641|POS|false|2020-12-30 10:53:28.069
17592186045016|POS|false|2020-12-30 17:30:31.118
17592186045125|QRCode|false|2020-12-30 22:31:08.252
17592186045722|RFID|false|2020-12-31 21:06:36.11
17592186045217|ATM|false|2021-01-03 07:45:24.774
17592186044819|PHONE|false|2021-01-04 05:33:22.427
17592186045305|IPv4|false|2021-01-06 18:24:46.489
17592186045069|IPv4|false|2021-01-07 22:04:43.932
17592186044592|QRCode|false|2021-01-09 07:01:23.141
17592186044956|PHONE|false|2021-01-10 02:40:30.944
17592186045314|MAC|false|2021-01-11 00:59:17.204
17592186045717|RFID|false|2021-01-11 11:22:33.061
17592186044465|WIFI|false|2021-01-12 05:03:04.046
21990232556375|IPv6|false|2021-01-14 01:22:31.525
21990232555790|PHONE|false|2021-01-15 10:26:03.595
21990232556101|MAC|false|2021-01-15 12:41:07.867
21990232555538|ATM|false|2021-01-15 17:34:52.837
21990232556809|PHONE|false|2021-01-16 01:47:26.711
21990232556452|ATM|false|2021-01-16 05:17:31.023
21990232556743|ATM|false|2021-01-17 15:16:06.105
21990232555799|RFID|false|2021-01-18 13:10:23.478
21990232556281|RFID|false|2021-01-19 02:43:37.527
21990232555574|IPv4|false|2021-01-21 00:21:12.362
21990232556803|IPv6|false|2021-01-21 06:05:35.473
21990232557009|PHONE|false|2021-01-21 16:05:58.574
21990232556597|POS|false|2021-01-21 20:31:11.94
21990232556287|PHONE|false|2021-01-22 00:31:54.163
21990232556802|ATM|false|2021-01-22 12:14:54.914
21990232555905|NFC|false|2021-01-22 18:26:50.944
21990232556871|QRCode|false|2021-01-22 19:23:56.997
21990232556957|IPv4|false|2021-01-23 01:01:54.095
21990232556951|IPv6|false|2021-01-23 03:12:03.209
21990232556342|QRCode|false|2021-01-23 05:02:55.778
21990232555606|IPv4|false|2021-01-23 19:24:03.357
21990232556275|IPv6|false|2021-01-24 12:27:21.741
21990232556819|NFC|false|2021-01-25 02:32:59.185
21990232556076|IPv4|false|2021-01-26 11:13:08.588
21990232555671|NFC|false|2021-01-26 16:55:09.558
21990232556345|IPv4|false|2021-01-26 20:21:58.013
21990232556064|MAC|false|2021-01-27 03:38:49.527
21990232555970|RFID|false|2021-01-27 11:47:56.852
21990232556007|IPv4|false|2021-01-29 08:34:24.188
21990232556689|IPv6|false|2021-01-29 22:06:32.557
21990232556883|WIFI|false|2021-01-30 09:37:01.804
21990232556562|POS|false|2021-01-31 07:56:03.447
21990232556869|ATM|false|2021-01-31 13:09:33.225
21990232556203|POS|false|2021-02-01 06:33:54.997
21990232556665|PHONE|false|2021-02-01 15:21:34.275
21990232556559|PHONE|false|2021-02-02 22:03:05.322
21990232556171|QRCode|false|2021-02-03 03:40:33.136
21990232556728|IPv4|false|2021-02-03 18:24:20.819
21990232556323|RFID|false|2021-02-04 08:43:25.347
21990232556433|NFC|false|2021-02-05 17:59:42.273
21990232556882|QRCode|false|2021-02-06 06:53:12.921
21990232556995|POS|false|2021-02-06 09:52:47.937
21990232555807|NFC|false|2021-02-06 22:34:51.123
21990232556524|MAC|false|2021-02-07 04:40:27.977
21990232556578|POS|false|2021-02-07 06:59:22.73
21990232556402|IPv6|true|2021-02-08 12:22:20.685
21990232557018|MAC|false|2021-02-08 21:21:01.42
21990232555912|MAC|false|2021-02-10 09:58:59.861
21990232556696|WIFI|false|2021-02-10 14:38:29.127
21990232555918|WIFI|false|2021-02-11 21:59:15.022
21990232556212|WIFI|false|2021-02-13 18:12:20.886
21990232556963|MAC|false|2021-02-14 05:45:15.712
21990232555830|PHONE|false|2021-02-14 07:57:24.507
21990232556773|POS|false|2021-02-14 18:55:50.738
21990232555534|WIFI|false|2021-02-14 22:08:41.977
21990232556129|IPv4|false|2021-02-15 08:51:22
21990232556252|QRCode|false|2021-02-15 21:21:54.972
21990232555673|RFID|false|2021-02-17 09:27:38.442
21990232556008|IPv4|false|2021-02-17 12:44:45.935
21990232556509|IPv4|false|2021-02-20 09:00:48.325
21990232555527|MAC|false|2021-02-21 03:42:58.912
21990232556201|QRCode|false|2021-02-21 15:02:53.695
21990232555867|ATM|false|2021-02-22 11:36:43.865
21990232556039|NFC|false|2021-02-23 05:56:55.372
21990232556174|MAC|false|2021-02-23 12:06:16.545
21990232556132|ATM|false|2021-02-23 12:14:13.46
21990232556487|PHONE|false|2021-02-24 11:15:18.432
21990232555753|RFID|false|2021-02-26 08:43:52.99
21990232555791|QRCode|false|2021-02-26 18:11:54.464
21990232556944|PHONE|false|2021-02-27 04:05:44.448
21990232556527|RFID|false|2021-02-27 07:40:32.005
21990232556369|ATM|false|2021-02-27 17:38:04.371
21990232556075|POS|false|2021-02-28 02:05:57.26
21990232556190|QRCode|false|2021-02-28 12:33:41.804
21990232555991|POS|false|2021-02-28 13:52:23.696
21990232556907|IPv6|false|2021-02-28 13:54:56.398
21990232556042|PHONE|false|2021-02-28 21:12:12.897
21990232556618|WIFI|false|2021-03-02 10:39:27.271
21990232556397|NFC|false|2021-03-03 04:56:11.033
21990232556919|NFC|false|2021-03-04 03:01:59.661
21990232556038|WIFI|true|2021-03-04 18:26:14.689
21990232555829|QRCode|false|2021-03-04 20:26:19.738
21990232556811|IPv6|false|2021-03-05 04:19:43.992
21990232555800|QRCode|false|2021-03-05 05:03:40.191
21990232556955|NFC|false|2021-03-05 05:38:31.947
21990232556057|ATM|false|2021-03-05 12:16:07.646
21990232556137|IPv4|false|2021-03-06 04:05:33.329
21990232555846|MAC|false|2021-03-06 15:08:41.678
21990232556783|MAC|false|2021-03-06 18:44:43.861
21990232556427|RFID|false|2021-03-08 01:42:26.426
21990232556929|WIFI|false|2021-03-08 08:38:27.692
21990232556930|NFC|false|2021-03-10 07:43:13.981
21990232556215|NFC|false|2021-03-11 04:56:45.87
21990232556580|POS|false|2021-03-12 12:11:56.16
21990232556598|NFC|false|2021-03-12 15:29:35.674
21990232555952|NFC|false|2021-03-13 02:09:32.737
21990232556136|IPv4|false|2021-03-13 20:43:23.721
21990232556948|WIFI|false|2021-03-13 20:54:34.019
21990232556385|QRCode|false|2021-03-14 20:15:07.849
21990232556372|IPv6|false|2021-03-14 21:22:37.512
21990232555732|QRCode|false|2021-03-16 11:52:14.329
21990232556114|WIFI|false|2021-03-16 12:58:58.401
21990232555577|RFID|false|2021-03-17 02:36:16.842
21990232556925|RFID|false|2021-03-17 10:49:55.126
21990232556516|ATM|false|2021-03-17 16:14:08.561
21990232556636|POS|false|2021-03-18 00:36:20.178
21990232556790|QRCode|false|2021-03-18 01:54:17.93
21990232555804|IPv6|false|2021-03-18 04:58:28.962
21990232556491|MAC|false|2021-03-20 05:09:03.384
21990232556947|QRCode|false|2021-03-21 02:59:02.381
21990232555666|MAC|false|2021-03-21 14:17:02.681
21990232556019|NFC|false|2021-03-21 14:29:21.115
21990232555737|WIFI|false|2021-03-23 00:00:28.846
21990232556011|QRCode|false|2021-03-23 13:30:43.44
21990232555705|ATM|false|2021-03-24 03:33:29.264
21990232555555|WIFI|true|2021-03-24 10:40:15.129
21990232555661|RFID|false|2021-03-25 16:53:53.495
21990232556247|PHONE|false|2021-03-28 10:06:32.502
21990232555539|PHONE|false|2021-03-28 12:14:18.718
21990232555840|ATM|false|2021-03-29 07:14:45.282
26388279067612|MAC|false|2021-03-31 20:32:20.522
26388279067581|ATM|false|2021-04-01 17:41:50.906
26388279067229|ATM|false|2021-04-02 00:12:03.597
26388279066802|MAC|false|2021-04-02 23:05:29.146
26388279067107|WIFI|false|2021-04-03 23:00:14.546
26388279067830|NFC|false|2021-04-04 23:11:16.367
26388279066774|NFC|false|2021-04-05 05:30:42.145
26388279067085|WIFI|false|2021-04-07 07:33:47.178
26388279068087|IPv4|false|2021-04-07 21:12:25.43
26388279066739|RFID|false|2021-04-08 11:05:02.254
26388279066937|IPv6|false|2021-04-11 23:16:34.317
26388279067734|PHONE|false|2021-04-12 10:33:51.74
26388279067601|MAC|false|2021-04-13 00:01:49.418
26388279066632|POS|false|2021-04-13 06:19:20.553
26388279067120|PHONE|false|2021-04-13 19:20:27.986
26388279067255|ATM|false|2021-04-14 02:58:02.276
26388279066824|NFC|false|2021-04-15 05:28:19.567
26388279066930|IPv4|false|2021-04-15 14:53:50.901
26388279066724|WIFI|false|2021-04-15 19:10:44.145
26388279066987|ATM|false|2021-04-16 15:08:46.924
26388279066669|PHONE|false|2021-04-16 20:32:45.288
26388279067954|IPv6|false|2021-04-17 00:59:13.275
26388279067390|NFC|false|2021-04-17 21:38:48.32
26388279067554|ATM|false|2021-04-18 22:20:14.564
26388279068026|NFC|false|2021-04-18 23:36:36.878
26388279067181|NFC|false|2021-04-21 01:23:03.435
26388279067344|QRCode|false|2021-04-23 00:37:12.26
26388279066865|MAC|true|2021-04-23 05:58:26.498
26388279067378|RFID|true|2021-04-24 05:13:24.252
26388279067176|WIFI|false|2021-04-25 06:29:55.457
26388279066912|ATM|false|2021-04-25 12:53:01.49
26388279066978|PHONE|false|2021-04-25 13:55:16.492
26388279067514|ATM|false|2021-04-26 02:58:37.974
26388279068022|WIFI|false|2021-04-26 06:16:38.448
26388279067079|WIFI|false|2021-04-28 02:42:03.65
26388279066796|IPv4|false|2021-04-29 14:43:15.196
26388279067822|RFID|false|2021-04-29 23:17:27.849
26388279067329|MAC|false|2021-04-30 11:52:42.186
26388279067777|ATM|false|2021-04-30 12:12:23.144
26388279066744|ATM|false|2021-04-30 18:39:18.784
26388279067692|ATM|false|2021-05-01 12:50:39.392
26388279067956|PHONE|false|2021-05-01 15:03:40.986
26388279067445|IPv4|false|2021-05-01 20:40:18.592
26388279067082|NFC|false|2021-05-01 21:42:52.21
26388279067771|NFC|false|2021-05-02 11:40:05.073
26388279067304|RFID|false|2021-05-02 12:50:54.882
26388279067560|POS|false|2021-05-04 22:59:55.782
26388279068073|WIFI|false|2021-05-05 04:18:58.676
26388279067564|PHONE|true|2021-05-05 04:20:08.531
26388279067499|QRCode|false|2021-05-07 10:32:28.01
26388279067589|ATM|false|2021-05-07 16:19:33.131
26388279067455|PHONE|false|2021-05-07 19:11:00.088
26388279067376|ATM|false|2021-05-08 12:12:52.171
26388279067345|WIFI|false|2021-05-08 17:12:36.229
26388279067276|ATM|false|2021-05-08 22:05:04.941
26388279066761|QRCode|false|2021-05-09 17:53:39.082
26388279067063|ATM|false|2021-05-09 23:13:52.884
26388279067711|PHONE|false|2021-05-13 04:12:16.006
26388279066646|POS|false|2021-05-13 06:24:04.058
26388279067453|IPv4|false|2021-05-13 07:25:47.246
26388279067982|POS|false|2021-05-13 22:11:12.782
26388279067647|POS|false|2021-05-14 02:15:48.4
26388279068109|POS|false|2021-05-15 03:05:08.797
26388279066936|MAC|false|2021-05-15 15:52:13.515
26388279067598|RFID|false|2021-05-15 20:40:53.391
26388279067421|WIFI|false|2021-05-17 05:43:51.268
26388279067839|POS|false|2021-05-17 19:52:41.375
26388279068084|WIFI|true|2021-05-18 00:51:56.276
26388279066680|MAC|false|2021-05-18 04:24:06.158
26388279067283|NFC|false|2021-05-18 04:54:24.112
26388279067749|QRCode|false|2021-05-18 23:53:39.973
26388279066989|WIFI|false|2021-05-19 01:41:47.934
26388279067338|POS|false|2021-05-19 14:03:31.053
26388279067230|PHONE|false|2021-05-19 16:08:38.553
26388279067131|MAC|false|2021-05-19 17:51:01.923
26388279067511|RFID|false|2021-05-21 00:56:27.98
26388279066949|NFC|false|2021-05-22 03:26:43.551
26388279067642|RFID|false|2021-05-22 09:44:52.734
26388279066760|PHONE|false|2021-05-22 11:48:40.861
26388279067969|IPv6|true|2021-05-23 03:23:02.264
26388279067860|PHONE|false|2021-05-23 05:00:58.06
26388279067251|IPv6|false|2021-05-23 17:30:42.085
26388279067408|IPv4|false|2021-05-24 01:54:28.085
26388279067945|RFID|false|2021-05-26 12:10:44.114
26388279067026|WIFI|false|2021-05-26 18:05:03.494
26388279066900|PHONE|false|2021-05-26 19:37:49.58
26388279067781|PHONE|false|2021-05-27 00:50:05.1
26388279067023|QRCode|false|2021-05-27 15:28:59.459
26388279067252|ATM|false|2021-05-28 21:50:15.495
26388279067713|MAC|false|2021-05-29 01:17:48.101
26388279067256|QRCode|false|2021-05-29 07:42:00.913
26388279067976|IPv4|false|2021-05-29 13:39:46.726
26388279066801|WIFI|true|2021-05-29 16:57:35.16
26388279066932|WIFI|true|2021-05-31 18:52:00.312
26388279067336|IPv6|false|2021-06-03 04:15:03.583
26388279067819|ATM|false|2021-06-03 18:48:15.721
26388279067549|IPv4|false|2021-06-03 21:59:12.343
26388279067337|WIFI|false|2021-06-04 00:45:37.385
26388279067267|RFID|false|2021-06-04 11:45:13.994
26388279067221|ATM|false|2021-06-05 10:26:05.769
26388279067287|IPv4|false|2021-06-06 13:15:40.318
26388279067614|ATM|false|2021-06-07 07:55:59.325
26388279067551|WIFI|false|2021-06-07 11:21:29.19
26388279067124|PHONE|true|2021-06-09 10:41:27.453
26388279066626|RFID|false|2021-06-10 15:14:06.022
26388279067550|WIFI|false|2021-06-11 23:01:58.97
26388279068064|ATM|false|2021-06-13 04:58:09.799
30786325579149|NFC|false|2021-06-14 00:49:08.172
30786325578104|POS|false|2021-06-15 08:53:48.807
30786325579031|POS|false|2021-06-15 23:32:46.93
30786325578621|NFC|false|2021-06-16 04:42:16.551
30786325578517|IPv4|false|2021-06-16 06:07:15.653
30786325578701|NFC|false|2021-06-16 17:11:31.677
30786325577949|IPv4|true|2021-06-17 02:13:29.088
30786325578203|ATM|false|2021-06-17 12:21:02.443
30786325577943|NFC|false|2021-06-17 13:24:50.78
30786325578306|RFID|false|2021-06-20 01:29:56.846
30786325577876|QRCode|false|2021-06-21 00:18:33.593
30786325578252|RFID|false|2021-06-21 09:27:41.113
30786325578446|ATM|false|2021-06-21 16:34:19.883
30786325578547|MAC|false|2021-06-22 11:31:19.871
30786325579099|WIFI|false|2021-06-22 13:22:08.312
30786325577971|ATM|false|2021-06-24 02:04:31.107
30786325578719|WIFI|false|2021-06-25 16:15:30.516
30786325578467|WIFI|false|2021-06-26 19:07:20.074
30786325577873|RFID|false|2021-06-26 20:33:37.524
30786325577954|QRCode|false|2021-06-26 21:19:09.534
30786325578598|WIFI|false|2021-06-27 02:54:21.841
30786325578418|PHONE|false|2021-06-27 05:39:53.269
30786325578852|QRCode|false|2021-06-27 12:35:44.193
30786325578501|MAC|false|2021-06-29 12:40:30.237
30786325578332|RFID|false|2021-07-01 08:48:27.541
30786325577982|IPv6|false|2021-07-02 18:12:40.278
30786325579195|PHONE|false|2021-07-02 23:39:14.177
30786325579078|POS|true|2021-07-03 03:06:41.712
30786325578026|ATM|false|2021-07-03 10:01:32.052
30786325578763|POS|false|2021-07-03 14:12:32.989
30786325577923|MAC|false|2021-07-04 01:21:24.047
30786325578416|POS|false|2021-07-04 13:48:56.235
30786325578930|POS|false|2021-07-05 09:50:52.1
30786325577872|PHONE|false|2021-07-05 14:17:42.855
30786325578277|ATM|false|2021-07-07 10:12:58.191
30786325578481|MAC|false|2021-07-07 11:09:16.024
30786325577786|MAC|false|2021-07-07 11:37:40.437
30786325578564|PHONE|false|2021-07-07 12:06:35.405
30786325579106|POS|false|2021-07-10 10:55:58.781
30786325577988|ATM|false|2021-07-11 07:16:46.241
30786325578305|WIFI|false|2021-07-11 21:40:32.467
30786325578185|IPv6|true|2021-07-11 23:45:56.091
30786325577779|QRCode|false|2021-07-13 11:22:10.515
30786325578662|WIFI|false|2021-07-14 19:49:41.51
30786325578888|MAC|false|2021-07-15 09:07:51.709
30786325578461|RFID|false|2021-07-17 10:36:32.254
30786325578174|IPv4|false|2021-07-17 22:59:57.271
30786325578110|IPv4|true|2021-07-18 02:28:35.17
30786325578153|ATM|false|2021-07-18 10:59:33.695
30786325578876|NFC|false|2021-07-18 20:04:21.416
30786325578293|PHONE|false|2021-07-18 21:40:50.362
30786325579064|WIFI|false|2021-07-19 00:33:38.332
30786325578745|MAC|false|2021-07-19 06:52:01.867
30786325578667|MAC|false|2021-07-19 19:43:38.413
30786325577765|PHONE|false|2021-07-20 05:06:22.676
30786325578892|PHONE|false|2021-07-21 00:28:43.323
30786325579167|NFC|false|2021-07-21 04:22:28.598
30786325578107|MAC|false|2021-07-21 23:56:46.232
30786325578546|ATM|false|2021-07-23 17:49:50.343
30786325578989|WIFI|false|2021-07-24 12:09:31.101
30786325577896|IPv4|false|2021-07-24 13:11:29.668
30786325578510|NFC|false|2021-07-25 01:36:29.033
30786325578917|POS|false|2021-07-25 03:04:06.557
30786325578851|MAC|false|2021-07-26 00:13:11.989
30786325578124|IPv6|false|2021-07-26 07:25:09.402
30786325577776|QRCode|false|2021-07-26 10:29:58.464
30786325579083|POS|false|2021-07-28 07:53:57.266
30786325578471|PHONE|true|2021-07-29 12:19:03.748
30786325578765|RFID|false|2021-07-30 12:49:24.453
30786325578554|IPv4|false|2021-07-30 13:48:46.508
30786325577792|QRCode|false|2021-07-30 14:52:49.355
30786325577803|WIFI|false|2021-07-31 02:21:27.601
30786325579014|PHONE|false|2021-07-31 09:14:32.922
30786325577819|IPv4|false|2021-08-04 06:37:20.264
30786325578813|RFID|false|2021-08-04 08:59:34.358
30786325578971|IPv4|false|2021-08-04 16:04:04.122
30786325578111|RFID|false|2021-08-05 13:06:15.753
30786325578502|QRCode|true|2021-08-05 18:13:34.494
30786325578347|POS|false|2021-08-07 13:37:21.444
30786325578462|POS|false|2021-08-07 18:02:08.968
30786325578207|PHONE|false|2021-08-08 20:52:55.705
30786325578159|ATM|false|2021-08-09 00:32:47.198
30786325577860|RFID|false|2021-08-09 10:15:48.726
30786325579124|RFID|true|2021-08-09 12:53:58.136
30786325578839|POS|false|2021-08-11 09:18:39.807
30786325577781|ATM|true|2021-08-11 16:50:26.024
30786325578684|RFID|false|2021-08-13 14:21:32.303
30786325578858|NFC|false|2021-08-15 01:53:55.516
30786325578374|IPv4|false|2021-08-15 03:36:14.863
30786325579194|PHONE|false|2021-08-16 08:19:38.326
30786325578828|MAC|false|2021-08-17 17:06:19.911
30786325577800|PHONE|false|2021-08-17 19:04:40.174
30786325579197|MAC|false|2021-08-18 09:32:45.267
30786325577829|PHONE|false|2021-08-18 10:02:02.947
30786325579015|IPv6|false|2021-08-18 17:11:04.133
30786325578469|ATM|false|2021-08-19 14:07:58.946
30786325578478|MAC|false|2021-08-20 06:48:06.372
30786325578399|QRCode|false|2021-08-20 06:50:30.001
30786325577939|WIFI|false|2021-08-21 06:12:48.529
30786325578336|NFC|true|2021-08-21 12:47:04.167
30786325578950|QRCode|false|2021-08-21 21:47:54.136
30786325579043|PHONE|false|2021-08-22 11:26:40.862
30786325578450|IPv6|false|2021-08-22 22:13:58.477
30786325578908|QRCode|false|2021-08-24 16:16:53.526
30786325578694|WIFI|false|2021-08-25 07:39:48.273
30786325579020|MAC|false|2021-08-25 13:20:24.607
30786325578954|POS|false|2021-08-25 14:06:36.279
30786325578445|WIFI|false|2021-08-25 23:24:49.867
30786325579131|NFC|false|2021-08-26 23:43:57.516
30786325578297|QRCode|false|2021-08-27 01:08:43.34
30786325578587|IPv6|false|2021-08-27 12:24:06.258
30786325577799|WIFI|true|2021-08-27 20:52:50.915
35184372088871|ATM|false|2021-08-28 06:25:08.083
35184372089042|IPv6|false|2021-08-29 13:14:59.979
35184372089241|RFID|false|2021-08-29 18:53:39.995
35184372089952|IPv4|false|2021-08-30 05:39:40.386
35184372089260|MAC|true|2021-08-30 07:09:18.559
35184372088924|IPv6|false|2021-08-30 19:16:58.8
35184372090071|QRCode|false|2021-08-31 18:11:03.219
35184372090306|QRCode|false|2021-09-01 00:20:19.813
35184372090186|ATM|false|2021-09-01 05:02:26.3
35184372089644|PHONE|false|2021-09-02 19:54:16.765
35184372088920|ATM|false|2021-09-03 16:37:44.999
35184372090049|ATM|true|2021-09-04 05:12:19.973
35184372090003|IPv6|false|2021-09-04 10:51:00.732
35184372089560|ATM|false|2021-09-05 04:06:34.831
35184372089363|MAC|false|2021-09-05 07:09:12.054
35184372089029|ATM|false|2021-09-06 19:42:50.913
35184372089847|IPv4|false|2021-09-08 15:32:33.817
35184372089804|POS|false|2021-09-08 23:20:33.478
35184372089407|MAC|false|2021-09-09 09:57:43.442
35184372089300|QRCode|false|2021-09-09 12:05:58.477
35184372089692|MAC|false|2021-09-11 06:38:53.284
35184372089913|WIFI|false|2021-09-12 00:05:31.488
35184372089419|QRCode|false|2021-09-14 08:08:13.588
35184372089063|PHONE|false|2021-09-14 10:17:15.201
35184372089783|QRCode|false|2021-09-14 20:03:02.889
35184372090128|WIFI|false|2021-09-14 22:05:14.598
35184372089048|PHONE|false|2021-09-15 00:44:20.842
35184372089872|NFC|false|2021-09-16 08:14:28.685
35184372090098|PHONE|false|2021-09-17 11:59:56.421
35184372088979|PHONE|false|2021-09-17 15:15:26.909
35184372089675|PHONE|false|2021-09-18 20:01:03.657
35184372088953|IPv4|false|2021-09-19 04:31:56.912
35184372089445|WIFI|false|2021-09-19 11:56:38.912
35184372090216|QRCode|false|2021-09-19 18:59:48.708
35184372089640|RFID|false|2021-09-22 03:40:09.194
35184372090120|PHONE|false|2021-09-22 04:04:34.15
35184372089417|RFID|false|2021-09-22 10:44:55.198
35184372089148|RFID|false|2021-09-23 19:40:21.71
35184372089226|MAC|false|2021-09-23 23:24:40.932
35184372089825|IPv4|false|2021-09-24 06:13:40.662
35184372089076|IPv6|false|2021-09-25 03:01:52.011
35184372090011|RFID|true|2021-09-25 15:59:52.059
35184372089753|RFID|false|2021-09-26 20:22:38.543
35184372089967|IPv6|false|2021-09-27 01:21:50.62
35184372088916|QRCode|false|2021-09-27 03:40:46.121
35184372090004|QRCode|false|2021-09-27 04:32:25.338
35184372089490|MAC|false|2021-09-27 05:07:18.891
35184372089174|QRCode|false|2021-09-27 19:06:14.989
35184372089561|QRCode|false|2021-09-28 01:47:43.972
35184372089784|IPv4|false|2021-09-28 04:40:07.849
35184372089848|QRCode|false|2021-09-29 04:01:56.004
35184372090229|MAC|false|2021-09-30 00:07:00.681
35184372088878|IPv6|true|2021-09-30 23:06:41.781
35184372089074|WIFI|false|2021-10-01 01:59:20.572
35184372089669|ATM|false|2021-10-01 04:41:19.196
35184372088836|RFID|false|2021-10-01 11:43:15.191
35184372090048|NFC|false|2021-10-01 21:28:00.683
35184372090009|IPv6|true|2021-10-02 05:59:01.731
35184372089843|IPv4|false|2021-10-02 21:22:17.542
35184372089167|MAC|false|2021-10-03 23:24:26.543
35184372089827|RFID|false|2021-10-05 13:49:33.151
35184372089461|IPv4|false|2021-10-05 19:26:11.456
35184372089321|IPv6|false|2021-10-07 03:32:26.323
35184372089418|WIFI|false|2021-10-07 18:50:48.674
35184372089568|QRCode|false|2021-10-09 20:30:54.78
35184372090254|POS|false|2021-10-11 06:14:48.238
35184372090297|IPv6|false|2021-10-11 07:47:08.517
35184372088935|WIFI|false|2021-10-13 16:51:16.371
35184372090246|NFC|false|2021-10-14 09:38:16.726
35184372089596|RFID|false|2021-10-14 17:56:53.493
35184372089259|PHONE|false|2021-10-15 05:45:51.458
35184372089404|MAC|false|2021-10-15 14:08:39.159
35184372088874|NFC|false|2021-10-15 14:44:39.243
35184372089091|QRCode|false|2021-10-15 15:35:20.97
35184372089243|PHONE|false|2021-10-16 11:17:43.511
35184372089954|RFID|false|2021-10-16 12:49:30.372
35184372090176|NFC|false|2021-10-17 16:40:19.611
35184372088994|RFID|false|2021-10-17 23:28:45.613
35184372089752|PHONE|false|2021-10-19 08:00:47.856
35184372089496|QRCode|false|2021-10-20 14:05:56.129
35184372089171|WIFI|false|2021-10-21 03:28:05.147
35184372089667|IPv4|false|2021-10-21 08:51:10.952
35184372090191|MAC|false|2021-10-21 13:56:48.159
35184372089481|POS|false|2021-10-22 08:18:45.814
35184372089990|IPv4|false|2021-10-22 16:05:33.015
35184372089779|ATM|false|2021-10-23 20:02:10.776
35184372088945|IPv4|false|2021-10-24 01:29:10.132
35184372089066|RFID|false|2021-10-26 14:31:23.669
35184372089609|QRCode|false|2021-10-26 19:12:53.596
35184372089273|WIFI|false|2021-10-27 07:29:48.456
35184372090325|POS|false|2021-10-27 08:55:33.834
35184372090279|IPv6|false|2021-10-28 11:58:46.383
35184372090023|POS|false|2021-10-29 14:35:36.061
35184372089196|ATM|false|2021-10-30 06:07:42.841
35184372089304|PHONE|false|2021-10-30 11:09:45.808
35184372089750|MAC|false|2021-10-30 20:07:28.476
35184372089617|POS|false|2021-10-30 22:16:45.725
35184372089540|ATM|false|2021-11-02 03:04:07.004
35184372090163|IPv6|true|2021-11-03 22:52:43.253
35184372089660|QRCode|false|2021-11-04 03:17:41.15
35184372089814|NFC|false|2021-11-04 19:28:20.259
35184372089543|PHONE|false|2021-11-05 16:06:33.7
35184372089327|IPv4|false|2021-11-06 22:32:17.886
35184372089297|WIFI|false|2021-11-07 01:37:09.681
35184372090211|QRCode|false|2021-11-07 05:22:50.8
35184372090178|ATM|false|2021-11-07 13:56:26.527
35184372090052|ATM|false|2021-11-07 17:58:59.297
35184372089713|IPv4|false|2021-11-08 06:12:03.103
35184372089090|ATM|false|2021-11-08 14:34:23.173
35184372090082|MAC|false|2021-11-09 01:14:46.393
35184372090083|PHONE|false|2021-11-09 05:19:25.422
35184372089790|PHONE|false|2021-11-09 19:52:59.199
35184372089780|ATM|false|2021-11-10 10:23:31.961
35184372090197|RFID|false|2021-11-11 06:01:38.069
39582418600634|IPv4|false|2021-11-11 22:45:27.154
39582418600276|POS|true|2021-11-12 19:12:39.128
39582418600800|RFID|false|2021-11-15 07:16:19.745
39582418600001|POS|false|2021-11-16 10:08:32.694
39582418601433|WIFI|false|2021-11-16 21:53:39.561
39582418601365|QRCode|false|2021-11-18 00:05:21.034
39582418599974|NFC|false|2021-11-20 05:17:25.691
39582418600627|ATM|false|2021-11-21 02:09:10.755
39582418600219|RFID|false|2021-11-21 05:38:12.848
39582418600885|WIFI|false|2021-11-22 07:03:09.732
39582418600064|PHONE|false|2021-11-22 12:33:58.107
39582418601104|IPv4|false|2021-11-22 19:17:37.968
39582418600939|PHONE|false|2021-11-24 06:33:00.288
39582418601271|IPv4|false|2021-11-24 18:49:33.147
39582418601149|PHONE|false|2021-11-25 00:22:19.47
39582418600274|RFID|false|2021-11-26 02:51:27.986
39582418600450|RFID|false|2021-11-26 05:21:00.739
39582418601377|IPv4|false|2021-11-28 16:10:00.305
39582418600554|WIFI|false|2021-11-29 06:44:56.069
39582418600698|PHONE|false|2021-11-29 14:04:42.734
39582418601080|IPv6|false|2021-12-01 21:59:52.559
39582418601252|WIFI|false|2021-12-01 22:21:38.195
39582418600122|RFID|false|2021-12-02 03:05:33.715
39582418601086|RFID|false|2021-12-02 12:52:47.265
39582418600127|NFC|false|2021-12-03 07:39:06.155
39582418600756|NFC|true|2021-12-04 10:26:46.967
39582418600807|WIFI|false|2021-12-05 07:16:40.531
39582418600898|WIFI|false|2021-12-05 10:32:22.062
39582418600603|WIFI|false|2021-12-06 11:41:21.215
39582418600209|WIFI|false|2021-12-06 22:36:29.974
39582418600735|WIFI|false|2021-12-07 12:03:07.603
39582418601130|MAC|false|2021-12-07 12:30:07.43
39582418601140|MAC|false|2021-12-07 12:45:07.816
39582418600944|ATM|false|2021-12-08 03:57:44.162
39582418601194|IPv4|false|2021-12-09 02:05:52.249
39582418600638|PHONE|false|2021-12-11 04:08:34.934
39582418601253|PHONE|false|2021-12-12 03:08:25.434
39582418601000|IPv6|true|2021-12-12 14:33:55.779
39582418600889|MAC|false|2021-12-13 07:43:35.736
39582418600506|POS|false|2021-12-13 19:23:00.043
39582418600078|POS|false|2021-12-14 20:24:13.624
39582418600158|WIFI|false|2021-12-15 17:50:18.912
39582418600814|IPv6|false|2021-12-16 01:05:06.769
39582418600033|NFC|false|2021-12-16 01:47:43.458
39582418600558|MAC|false|2021-12-18 17:51:22.779
39582418600810|QRCode|false|2021-12-19 00:02:28.616
39582418600055|IPv6|false|2021-12-19 14:11:56.369
39582418601101|IPv6|false|2021-12-21 18:27:32.121
39582418600310|PHONE|false|2021-12-21 19:15:10.999
39582418600768|RFID|false|2021-12-23 00:28:33.744
39582418600728|NFC|false|2021-12-23 13:18:39.27
39582418600387|RFID|false|2021-12-25 04:43:10.959
39582418600848|QRCode|false|2021-12-25 09:08:43.298
39582418601313|PHONE|false|2021-12-26 09:23:18.031
39582418600551|IPv4|false|2021-12-26 12:48:06.081
39582418600895|NFC|false|2021-12-27 11:19:06.032
39582418600378|IPv6|false|2021-12-27 15:55:13.587
39582418600260|POS|false|2021-12-27 23:32:19.938
39582418600227|RFID|false|2021-12-28 12:25:45.71
39582418600342|RFID|false|2021-12-28 17:28:05.194
39582418600790|NFC|false|2021-12-29 06:49:58.099
39582418601384|ATM|false|2021-12-29 11:15:49.101
39582418601258|MAC|false|2021-12-30 10:57:40.119
39582418600144|IPv4|false|2021-12-30 19:45:06.585
39582418600586|ATM|false|2022-01-01 23:31:50.874
39582418600667|NFC|false|2022-01-02 18:36:22.757
39582418600472|WIFI|false|2022-01-03 21:17:56.608
39582418599947|MAC|false|2022-01-04 01:09:22.438
39582418600742|IPv6|false|2022-01-07 19:53:34.816
39582418601164|POS|false|2022-01-09 10:36:45.376
39582418600890|QRCode|false|2022-01-10 03:00:17.325
39582418600469|IPv4|false|2022-01-11 06:15:11.877
39582418599964|MAC|false|2022-01-11 10:41:18.071
39582418601265|RFID|false|2022-01-12 05:15:39.997
39582418600727|POS|false|2022-01-12 17:34:24.534
39582418600297|PHONE|false|2022-01-12 19:57:38.113
39582418599960|IPv6|false|2022-01-14 13:43:13.316
39582418600337|MAC|false|2022-01-14 15:24:22.476
39582418600468|IPv6|false|2022-01-16 02:25:48.849
39582418600451|IPv6|false|2022-01-17 03:35:07.546
39582418600995|WIFI|false|2022-01-19 16:10:35.651
39582418600510|QRCode|false|2022-01-19 21:22:04.954
39582418600896|IPv6|false|2022-01-20 02:41:36.331
39582418600949|QRCode|false|2022-01-20 13:11:15.059
39582418601381|RFID|false|2022-01-20 19:22:13.089
39582418600955|ATM|false|2022-01-20 19:25:11.441
39582418600497|IPv6|false|2022-01-21 08:12:26.588
39582418601306|WIFI|false|2022-01-22 17:12:41.169
39582418601198|NFC|true|2022-01-22 19:33:58.24
39582418600294|IPv4|false|2022-01-23 12:18:30.722
39582418600965|ATM|false|2022-01-23 16:31:44.102
39582418601016|IPv4|false|2022-01-24 17:27:45.097
39582418600784|MAC|false|2022-01-25 14:03:44.704
43980465111677|POS|false|2022-01-26 07:18:59.061
43980465111108|MAC|false|2022-01-26 17:25:11.76
43980465111052|QRCode|false|2022-01-27 11:42:15.501
43980465111674|MAC|false|2022-01-28 21:15:09.217
43980465111524|NFC|false|2022-01-30 08:03:33.01
43980465111716|PHONE|false|2022-02-01 20:21:34.701
43980465112066|ATM|false|2022-02-02 02:11:40.353
43980465111457|RFID|false|2022-02-02 02:52:55.683
43980465111665|NFC|false|2022-02-02 04:11:05.889
43980465111303|POS|true|2022-02-04 07:05:35.58
43980465111880|ATM|false|2022-02-04 21:57:25.298
43980465111834|NFC|false|2022-02-05 20:12:26.113
43980465112024|WIFI|false|2022-02-05 22:42:23.065
43980465111415|MAC|true|2022-02-06 11:07:03.071
43980465111119|ATM|false|2022-02-07 02:36:25.264
43980465112247|WIFI|true|2022-02-07 11:29:26.895
43980465112096|POS|false|2022-02-10 15:44:36.703
43980465112432|IPv4|false|2022-02-10 15:55:06.564
43980465111207|MAC|false|2022-02-11 03:10:13.965
43980465111201|MAC|false|2022-02-11 13:33:45.769
43980465111550|PHONE|false|2022-02-12 14:19:44.696
43980465111219|ATM|false|2022-02-12 17:41:43.004
43980465111727|POS|false|2022-02-14 01:20:37.376
43980465112137|POS|false|2022-02-14 14:53:52.715
43980465111308|POS|false|2022-02-14 17:00:26.498
43980465112528|ATM|false|2022-02-14 19:03:17.504
43980465111070|RFID|false|2022-02-15 05:31:16.794
43980465112349|RFID|false|2022-02-15 05:40:24.691
43980465111845|PHONE|false|2022-02-15 15:54:11.258
43980465111180|IPv6|false|2022-02-16 16:57:38.594
43980465111510|PHONE|false|2022-02-17 21:03:45.597
43980465112400|NFC|true|2022-02-18 13:44:06.237
43980465111421|MAC|false|2022-02-18 21:26:36.112
43980465111475|POS|false|2022-02-20 09:35:17.457
43980465111516|RFID|false|2022-02-20 10:46:59.561
43980465111666|POS|false|2022-02-20 11:56:10.468
43980465112448|QRCode|false|2022-02-21 17:20:31.456
43980465112119|NFC|false|2022-02-22 14:40:39.709
43980465112397|MAC|false|2022-02-23 08:49:54.429
43980465111249|QRCode|false|2022-02-23 15:49:21.817
43980465112277|POS|false|2022-02-24 14:05:34.969
43980465112062|NFC|false|2022-02-25 08:44:06.041
43980465112252|RFID|false|2022-02-25 13:11:52.214
43980465112455|POS|false|2022-02-25 19:47:51.124
43980465111585|QRCode|false|2022-02-25 21:55:51.043
43980465111902|ATM|false|2022-02-26 01:39:18.634
43980465112444|MAC|false|2022-02-26 23:23:09.269
43980465111164|ATM|false|2022-02-27 00:20:34.366
43980465111764|POS|false|2022-02-28 16:33:48.262
43980465111734|IPv6|false|2022-03-01 01:33:17.563
43980465111919|PHONE|false|2022-03-01 06:34:24.9
43980465111726|PHONE|false|2022-03-02 01:58:48.588
43980465111408|MAC|false|2022-03-02 02:17:02.75
43980465112061|NFC|false|2022-03-02 09:40:43.157
43980465112064|ATM|false|2022-03-02 21:59:49.391
43980465111227|RFID|false|2022-03-03 00:47:11.487
43980465111076|PHONE|false|2022-03-03 15:03:31.807
43980465111907|NFC|false|2022-03-05 16:04:58.498
43980465111934|IPv6|true|2022-03-06 15:15:14.377
43980465111304|WIFI|true|2022-03-07 04:14:32.099
43980465111819|ATM|false|2022-03-08 01:36:33.777
43980465112470|NFC|false|2022-03-10 08:47:30.293
43980465112020|WIFI|false|2022-03-10 22:13:03.176
43980465111660|MAC|true|2022-03-11 08:05:56.032
43980465112441|MAC|false|2022-03-11 09:28:20.898
43980465112307|QRCode|false|2022-03-11 21:37:52.479
43980465111302|RFID|false|2022-03-13 01:34:29.361
43980465111985|NFC|false|2022-03-13 02:50:03.488
43980465111821|POS|false|2022-03-13 12:09:03.973
43980465112093|WIFI|false|2022-03-15 10:41:27.803
43980465111791|NFC|true|2022-03-16 03:08:22.608
43980465112486|NFC|false|2022-03-16 08:08:57.842
43980465111483|RFID|false|2022-03-17 19:26:33.837
43980465111142|QRCode|false|2022-03-18 23:00:06.492
43980465111545|RFID|false|2022-03-19 04:31:21.6
43980465112387|QRCode|false|2022-03-19 14:24:43.354
43980465111158|IPv4|false|2022-03-19 22:31:18.56
43980465111606|RFID|false|2022-03-20 02:31:44.566
43980465112269|IPv4|false|2022-03-20 04:17:12.056
43980465111799|IPv6|false|2022-03-21 03:22:17.904
43980465112232|IPv4|false|2022-03-21 13:46:57.14
43980465112122|PHONE|false|2022-03-21 23:28:37.745
43980465111289|QRCode|false|2022-03-23 09:51:00.341
43980465111678|POS|false|2022-03-23 21:48:36.003
43980465111297|IPv4|false|2022-03-24 09:04:04.447
43980465111041|IPv6|false|2022-03-24 20:10:44.958
43980465111820|MAC|false|2022-03-24 21:55:40.76
43980465111412|POS|false|2022-03-26 01:35:32.632
43980465111230|PHONE|false|2022-03-28 06:37:50.95
43980465112149|NFC|false|2022-03-28 10:05:39.61
43980465111647|POS|false|2022-03-28 19:32:31.489
43980465111747|RFID|false|2022-03-29 08:31:14.139
43980465112493|NFC|false|2022-03-29 10:07:17.726
43980465111474|WIFI|false|2022-03-29 12:34:46.436
43980465111178|WIFI|false|2022-03-29 15:49:34.574
43980465111242|NFC|false|2022-03-29 22:42:25.421
43980465112171|MAC|false|2022-03-30 02:42:17.255
43980465112457|IPv6|false|2022-03-31 10:59:02.142
43980465112250|NFC|false|2022-04-03 11:03:40.594
43980465111233|IPv4|false|2022-04-04 00:38:02.116
43980465111244|MAC|false|2022-04-04 23:00:50.126
43980465111288|PHONE|false|2022-04-05 19:42:49.089
43980465112535|MAC|false|2022-04-10 15:39:29.658
43980465112447|QRCode|false|2022-04-11 00:59:51.896
43980465111192|RFID|false|2022-04-11 05:54:13.061
43980465111826|RFID|false|2022-04-11 08:57:00.768
48378511622932|RFID|false|2022-04-11 22:10:21.299
48378511622652|NFC|false|2022-04-12 11:52:27.631
48378511622892|ATM|false|2022-04-13 10:42:13.273
48378511623562|MAC|false|2022-04-13 19:28:04.666
48378511623108|POS|false|2022-04-14 16:54:36.318
48378511622425|IPv4|false|2022-04-16 16:40:03.855
48378511622791|QRCode|false|2022-04-16 17:54:04.085
48378511622671|WIFI|false|2022-04-17 12:02:11.935
48378511622273|NFC|true|2022-04-17 22:43:03.967
48378511622325|NFC|false|2022-04-20 14:41:56.121
48378511623039|QRCode|false|2022-04-20 14:44:43.439
48378511622977|IPv6|false|2022-04-21 02:58:34.985
48378511622988|IPv4|false|2022-04-21 10:46:49.707
48378511622823|RFID|false|2022-04-23 08:16:05.768
48378511623403|RFID|false|2022-04-23 14:04:29.323
48378511623201|POS|false|2022-04-23 14:20:42.15
48378511622937|IPv4|false|2022-04-23 20:54:46.18
48378511623058|WIFI|false|2022-04-23 21:04:42.174
48378511622233|NFC|false|2022-04-23 22:45:28.905
48378511623158|POS|false|2022-04-24 10:09:50.766
48378511622728|NFC|false|2022-04-25 19:10:44.197
48378511623319|IPv6|false|2022-04-26 07:32:23.877
48378511623215|MAC|false|2022-04-26 08:39:47.891
48378511623273|MAC|false|2022-04-27 03:59:48.389
48378511623404|WIFI|true|2022-04-30 00:02:44.062
48378511623154|POS|false|2022-04-30 03:08:25.911
48378511622531|MAC|false|2022-04-30 10:05:10.163
48378511622418|WIFI|false|2022-05-01 11:27:17.355
48378511623326|QRCode|false|2022-05-05 13:43:07.704
48378511622342|ATM|false|2022-05-06 00:34:35.353
48378511622226|ATM|false|2022-05-07 03:16:07.443
48378511623327|MAC|false|2022-05-07 07:38:53.349
48378511622367|WIFI|false|2022-05-07 15:39:11.831
48378511623190|NFC|false|2022-05-07 19:10:20.075
48378511622692|IPv4|false|2022-05-08 19:36:43.506
48378511622641|PHONE|false|2022-05-09 08:43:18.558
48378511622821|NFC|false|2022-05-10 06:30:09.138
48378511623250|ATM|false|2022-05-11 07:33:57.825
48378511623059|IPv4|false|2022-05-12 01:34:53.269
48378511623285|WIFI|false|2022-05-14 03:22:59.205
48378511623257|MAC|false|2022-05-14 06:02:23.395
48378511623511|RFID|false|2022-05-15 01:26:33.84
48378511622396|QRCode|false|2022-05-16 03:28:02.552
48378511623129|ATM|false|2022-05-16 11:56:37.402
48378511623398|ATM|false|2022-05-17 04:52:56.455
48378511622558|IPv4|false|2022-05-17 14:51:27.655
48378511622308|QRCode|false|2022-05-17 15:20:30.039
48378511623429|PHONE|false|2022-05-18 01:07:46.284
48378511623277|RFID|false|2022-05-18 07:24:10.505
48378511622221|IPv6|false|2022-05-19 01:59:58.029
48378511622220|NFC|false|2022-05-20 10:42:13.098
48378511622563|WIFI|false|2022-05-21 02:32:46.995
48378511622549|PHONE|false|2022-05-21 19:34:18.469
48378511623331|IPv4|false|2022-05-22 22:01:53.878
48378511622685|NFC|false|2022-05-23 13:28:01.773
48378511622528|MAC|false|2022-05-24 09:56:37.514
48378511622946|POS|true|2022-05-24 14:01:53.301
48378511622603|ATM|false|2022-05-24 21:16:54.539
48378511622317|IPv4|false|2022-05-25 09:00:11.454
48378511623484|MAC|false|2022-05-25 12:19:41.654
48378511622582|IPv4|false|2022-05-25 13:19:06.622
48378511623602|NFC|false|2022-05-27 20:03:31.722
48378511622695|NFC|false|2022-05-28 04:54:14.654
48378511622298|NFC|false|2022-05-29 07:48:15.285
48378511622922|IPv4|false|2022-05-29 17:09:13.914
48378511623458|NFC|false|2022-05-30 03:49:39.576
48378511622211|ATM|false|2022-05-30 15:46:26.894
48378511623010|QRCode|false|2022-06-01 06:32:00.056
48378511623281|MAC|false|2022-06-03 14:44:31.419
48378511622690|WIFI|false|2022-06-05 12:05:01.988
48378511622234|ATM|false|2022-06-06 06:23:05.378
48378511623150|WIFI|false|2022-06-06 10:43:22.916
48378511623636|ATM|false|2022-06-06 15:54:48.744
48378511622697|RFID|false|2022-06-06 22:46:53.58
48378511623439|IPv4|false|2022-06-07 01:10:36.015
48378511623131|PHONE|false|2022-06-08 10:28:25.946
48378511623296|WIFI|false|2022-06-08 20:43:06.542
48378511623617|ATM|false|2022-06-09 08:08:37.398
48378511623188|POS|false|2022-06-09 10:33:43.144
48378511623483|POS|false|2022-06-11 00:29:17.988
48378511622539|ATM|false|2022-06-11 04:16:23.839
48378511622597|RFID|false|2022-06-11 11:14:48.179
48378511623068|RFID|false|2022-06-11 20:20:02.855
48378511622395|POS|false|2022-06-12 00:08:42.409
48378511623586|QRCode|false|2022-06-12 07:58:50.741
48378511623113|RFID|false|2022-06-13 01:51:16.721
48378511622559|PHONE|false|2022-06-13 12:26:19.646
48378511622150|POS|false|2022-06-15 08:43:19.639
48378511622724|ATM|false|2022-06-16 11:50:47.713
48378511622767|ATM|false|2022-06-18 14:38:32.027
48378511622800|RFID|false|2022-06-19 22:07:06.105
48378511623529|PHONE|false|2022-06-21 00:12:05.706
48378511623237|WIFI|true|2022-06-21 15:44:53.77
48378511622371|PHONE|false|2022-06-22 06:15:49.972
48378511622604|ATM|false|2022-06-23 12:09:15.334
48378511622686|PHONE|false|2022-06-24 20:38:58.114
48378511623172|RFID|false|2022-06-24 22:49:06.174
48378511622501|PHONE|false|2022-06-25 05:56:38.102
48378511623272|IPv4|false|2022-06-25 11:21:37.397
52776558134062|QRCode|false|2022-06-27 00:08:07.125
52776558134488|IPv4|false|2022-06-27 17:04:45.952
52776558134418|WIFI|false|2022-06-27 18:38:04.463
52776558133503|QRCode|false|2022-06-28 00:26:05.377
52776558134747|ATM|false|2022-06-30 18:30:14.447
52776558134493|MAC|false|2022-06-30 19:19:34.403
52776558133417|MAC|false|2022-07-01 11:10:35.328
52776558134322|NFC|false|2022-07-02 15:28:40.605
52776558133514|IPv6|false|2022-07-03 18:04:52.206
52776558133541|PHONE|false|2022-07-04 03:35:23.931
52776558134478|PHONE|false|2022-07-06 01:15:00.76
52776558134545|QRCode|false|2022-07-06 07:10:43.398
52776558133476|NFC|false|2022-07-07 10:59:07.228
52776558134008|PHONE|false|2022-07-07 22:34:15.579
52776558134734|RFID|false|2022-07-08 02:47:20.227
52776558134612|NFC|false|2022-07-09 17:42:48.001
52776558133423|IPv4|false|2022-07-10 01:39:14.238
52776558133791|QRCode|false|2022-07-11 13:06:46.252
52776558134159|RFID|false|2022-07-11 18:23:46.66
52776558133547|IPv4|false|2022-07-12 06:20:06.187
52776558134601|MAC|false|2022-07-13 10:46:57.485
52776558133310|IPv6|false|2022-07-14 13:55:31.717
52776558134671|NFC|false|2022-07-16 21:08:24.406
52776558134295|PHONE|false|2022-07-18 06:42:15.549
52776558134422|IPv6|false|2022-07-18 16:01:49.429
52776558134631|POS|false|2022-07-18 23:15:41.302
52776558133910|QRCode|false|2022-07-19 13:58:17.173
52776558134356|PHONE|false|2022-07-20 01:55:17.642
52776558134680|QRCode|false|2022-07-20 04:21:31.011
52776558133328|POS|false|2022-07-21 12:01:15.52
52776558134314|QRCode|false|2022-07-22 04:55:49.386
52776558134434|MAC|false|2022-07-22 07:56:22.645
52776558133983|QRCode|false|2022-07-26 03:56:47.799
52776558134105|QRCode|true|2022-07-26 10:01:10.546
52776558134157|QRCode|false|2022-07-27 11:25:28.699
52776558133776|RFID|false|2022-07-28 17:03:12.966
52776558134339|MAC|false|2022-07-30 12:03:34.904
52776558134136|WIFI|false|2022-08-01 12:04:01.386
52776558133356|RFID|false|2022-08-01 15:28:05.436
52776558134429|RFID|false|2022-08-02 00:36:15.553
52776558133371|MAC|false|2022-08-02 02:13:50.487
52776558133836|RFID|false|2022-08-05 07:30:44.423
52776558134147|POS|false|2022-08-06 09:42:09.328
52776558134382|IPv6|false|2022-08-07 02:25:09.193
52776558134226|RFID|false|2022-08-07 17:05:44.852
52776558134338|NFC|false|2022-08-07 17:41:47.455
52776558133751|QRCode|false|2022-08-08 04:02:47.47
52776558134550|NFC|false|2022-08-08 13:55:49.351
52776558134031|QRCode|false|2022-08-09 03:59:46.678
52776558133570|PHONE|false|2022-08-09 12:03:33.182
52776558133591|NFC|false|2022-08-09 17:49:26.096
52776558133621|POS|false|2022-08-09 21:30:34.758
52776558133520|RFID|false|2022-08-09 22:38:46.6
52776558134526|IPv6|false|2022-08-10 19:09:58.324
52776558134441|IPv4|false|2022-08-11 08:44:37.333
52776558133862|MAC|false|2022-08-11 17:55:48.692
52776558133652|NFC|false|2022-08-12 02:35:22.217
52776558133555|WIFI|false|2022-08-12 14:13:51.307
52776558133548|ATM|false|2022-08-13 19:33:06.032
52776558134149|PHONE|false|2022-08-18 22:06:47.186
52776558133584|IPv6|false|2022-08-19 19:12:58.629
52776558133495|ATM|false|2022-08-20 04:52:26.348
52776558134148|ATM|false|2022-08-20 16:38:03.086
52776558133851|QRCode|false|2022-08-21 13:40:01.058
52776558134218|POS|false|2022-08-21 13:49:41.399
52776558133625|QRCode|false|2022-08-21 15:24:11.551
52776558133379|QRCode|false|2022-08-23 22:36:56.255
52776558133697|MAC|false|2022-08-23 23:59:40.929
52776558133513|WIFI|false|2022-08-24 04:45:20.437
52776558134059|IPv6|false|2022-08-24 12:34:27.683
52776558133538|ATM|false|2022-08-24 15:16:45.771
52776558133347|IPv4|false|2022-08-24 15:43:39.156
52776558134742|IPv4|true|2022-08-26 06:52:13.387
52776558134121|QRCode|false|2022-08-26 10:31:54.666
52776558133721|WIFI|false|2022-08-26 12:29:34.271
52776558133974|PHONE|false|2022-08-26 18:26:42.737
52776558133634|POS|false|2022-08-26 20:26:48.253
52776558133258|NFC|false|2022-08-27 01:56:57.811
52776558133664|PHONE|false|2022-08-28 10:28:14.443
52776558134716|POS|false|2022-08-28 21:38:55.693
52776558134726|PHONE|false|2022-08-28 22:35:44.177
52776558133318|POS|false|2022-08-29 03:50:11.857
52776558133431|WIFI|false|2022-08-29 14:57:55.197
52776558133579|POS|false|2022-08-30 20:03:32.045
52776558134247|MAC|false|2022-08-31 22:01:35.042
52776558134203|QRCode|false|2022-09-01 10:27:06.162
52776558134065|MAC|false|2022-09-01 13:17:21.87
52776558133759|QRCode|false|2022-09-02 09:11:03.491
52776558133279|RFID|false|2022-09-02 15:17:39.193
52776558133922|PHONE|false|2022-09-03 00:48:21.815
52776558133954|NFC|false|2022-09-03 17:02:02.588
52776558133387|ATM|false|2022-09-03 21:19:20.908
52776558133841|WIFI|true|2022-09-04 04:47:44.733
52776558134094|NFC|false|2022-09-06 07:55:16.014
52776558133827|NFC|false|2022-09-07 17:27:31.312
52776558133978|IPv6|false|2022-09-10 00:30:54.444
57174604645585|QRCode|false|2022-09-10 10:30:54.846
57174604644906|MAC|false|2022-09-11 00:10:29.716
57174604644832|QRCode|false|2022-09-12 01:44:24.015
57174604645045|RFID|false|2022-09-12 05:12:31.132
57174604645036|ATM|false|2022-09-14 19:06:53.325
57174604645271|IPv6|false|2022-09-15 00:44:57.128
57174604644878|WIFI|false|2022-09-16 17:30:08.238
57174604645139|PHONE|false|2022-09-17 15:26:40.643
57174604645813|RFID|false|2022-09-17 22:57:11.959
57174604645609|MAC|false|2022-09-18 06:16:54.123
57174604644418|POS|false|2022-09-19 12:23:58.418
57174604644776|IPv4|false|2022-09-20 08:16:01.761
57174604644654|IPv6|false|2022-09-21 00:46:55.178
57174604644589|POS|false|2022-09-24 06:54:37.944
57174604645244|NFC|false|2022-09-24 12:29:05.751
57174604645121|QRCode|false|2022-09-24 12:45:40.789
57174604645077|QRCode|false|2022-09-24 13:13:56.903
57174604644402|IPv6|false|2022-09-24 19:29:53.192
57174604644950|MAC|false|2022-09-24 20:47:50.001
57174604644788|WIFI|false|2022-09-25 15:36:49.171
57174604645583|IPv4|false|2022-09-25 20:08:41.37
57174604645096|IPv4|false|2022-09-26 16:32:01.964
57174604644605|IPv4|false|2022-09-26 17:19:03.441
57174604644698|IPv6|true|2022-09-26 21:33:32.21
57174604645352|IPv4|false|2022-09-27 08:07:32.429
57174604644994|ATM|false|2022-09-27 11:48:54.429
57174604644723|RFID|false|2022-09-28 21:18:29.434
57174604644404|IPv6|false|2022-09-29 03:08:28.82
57174604645436|IPv6|true|2022-09-29 16:02:53.864
57174604645048|PHONE|false|2022-09-29 21:42:57.986
57174604645786|QRCode|false|2022-10-01 14:52:45.832
57174604644395|WIFI|false|2022-10-02 08:13:48.024
57174604644996|NFC|false|2022-10-02 13:04:00.191
57174604645056|IPv6|false|2022-10-02 14:05:03.357
57174604644421|ATM|false|2022-10-02 15:40:21.302
57174604645281|MAC|false|2022-10-02 22:52:41.433
57174604645202|POS|false|2022-10-04 12:34:30.773
57174604645128|IPv6|false|2022-10-04 18:03:04.077
57174604644700|RFID|false|2022-10-04 22:47:07.876
57174604644772|POS|false|2022-10-05 13:00:25.426
57174604644508|RFID|false|2022-10-05 13:45:35.025
57174604645283|IPv4|false|2022-10-05 14:43:43.182
57174604645557|POS|false|2022-10-05 18:25:54.292
57174604644644|ATM|false|2022-10-06 23:24:08.816
57174604645747|NFC|false|2022-10-07 07:57:32.54
57174604645785|PHONE|false|2022-10-07 14:12:21.445
57174604645758|QRCode|false|2022-10-07 23:45:34.397
57174604645383|MAC|false|2022-10-09 08:36:49.652
57174604645224|RFID|false|2022-10-09 10:22:25.877
57174604645197|IPv4|false|2022-10-09 12:02:42.46
57174604645764|QRCode|false|2022-10-12 09:41:12.406
57174604644830|RFID|false|2022-10-13 07:44:11.58
57174604645708|QRCode|false|2022-10-14 00:05:53.391
57174604644693|NFC|false|2022-10-15 08:44:43.429
57174604644469|POS|false|2022-10-17 01:28:16.432
57174604644796|POS|false|2022-10-18 10:49:34.66
57174604645454|QRCode|false|2022-10-18 14:23:03.345
57174604645457|IPv6|false|2022-10-18 21:32:43.216
57174604645099|QRCode|false|2022-10-20 05:47:47.969
57174604644540|POS|true|2022-10-20 20:17:10.207
57174604645159|RFID|false|2022-10-22 00:58:29.126
57174604644649|WIFI|false|2022-10-22 05:27:59.579
57174604645498|IPv6|false|2022-10-22 06:52:45.851
57174604645656|IPv6|false|2022-10-22 07:09:38.874
57174604644703|NFC|false|2022-10-22 07:38:04.151
57174604645561|NFC|false|2022-10-22 10:19:31.544
57174604645677|ATM|false|2022-10-22 19:37:01.704
57174604644742|POS|false|2022-10-23 06:49:50.003
57174604645700|POS|false|2022-10-25 14:34:22.415
57174604644707|RFID|false|2022-10-25 19:02:41.498
57174604645404|RFID|false|2022-10-27 05:30:41.675
57174604645484|POS|false|2022-10-28 04:54:44.507
57174604645012|QRCode|false|2022-10-28 14:05:05.231
57174604645632|QRCode|false|2022-10-29 00:09:45.56
57174604645553|POS|false|2022-10-29 00:41:16.058
57174604645626|WIFI|true|2022-10-30 13:32:45.907
57174604645390|IPv6|false|2022-11-01 20:00:39.039
57174604644627|WIFI|false|2022-11-04 01:40:31.241
57174604644377|PHONE|false|2022-11-04 04:19:53.588
57174604645593|WIFI|false|2022-11-04 17:58:02.942
57174604645402|PHONE|false|2022-11-05 05:15:39.569
57174604645041|QRCode|false|2022-11-05 17:48:05.275
57174604645713|WIFI|false|2022-11-07 06:27:46.39
57174604645627|MAC|false|2022-11-08 09:15:44
57174604645018|QRCode|false|2022-11-09 12:00:36.12
57174604644760|POS|false|2022-11-12 17:31:16.107
57174604645354|IPv6|false|2022-11-13 05:09:33.191
57174604644367|IPv6|false|2022-11-13 21:30:27.746
57174604645287|WIFI|false|2022-11-15 07:16:29.759
57174604644621|RFID|false|2022-11-17 03:38:57.704
57174604645671|IPv4|false|2022-11-17 17:03:03.215
57174604645024|RFID|false|2022-11-18 11:13:22.074
57174604644834|WIFI|false|2022-11-18 16:20:30.397
57174604645175|MAC|false|2022-11-18 19:27:38.955
57174604644459|NFC|false|2022-11-19 21:18:38.861
57174604644799|IPv4|false|2022-11-21 09:44:30.16
57174604644548|NFC|false|2022-11-22 19:00:41.726
57174604645833|RFID|false|2022-11-23 14:42:35.985
57174604644704|RFID|false|2022-11-24 12:43:43.16
61572651156756|POS|false|2022-11-25 22:18:12.999
61572651155784|RFID|false|2022-11-26 01:31:55.702
61572651156091|IPv6|false|2022-11-26 04:15:51.116
61572651156518|IPv6|false|2022-11-26 05:44:50.27
61572651155717|RFID|false|2022-11-27 12:01:44.667
61572651155981|NFC|false|2022-11-28 09:28:21.012
61572651156618|PHONE|false|2022-11-28 09:43:18.138
61572651156018|PHONE|false|2022-11-28 20:29:20.794
